Country name,Year,Number of deaths from disasters
Afghanistan,1900,0
Afghanistan,1910,0
Afghanistan,1920,0
Afghanistan,1930,0
Afghanistan,1940,0
Afghanistan,1950,215.1
Afghanistan,1960,10.7
Afghanistan,1970,48.2
Afghanistan,1980,58.3
Afghanistan,1990,1038.9
Afghanistan,2000,447.5
Afghanistan,2010,262.1
Afghanistan,2020,969.4
Africa,1900,1111.7
Africa,1910,8501.2
Africa,1920,2701.2
Africa,1930,2.2
Africa,1940,5044.1
Africa,1950,216.2
Africa,1960,1753
Africa,1970,12095.7
Africa,1980,56257
Africa,1990,983.9
Africa,2000,1440
Africa,2010,3283.1
Africa,2020,5690.4
Albania,1900,12
Albania,1910,0
Albania,1920,20
Albania,1930,15
Albania,1940,4.3
Albania,1950,0
Albania,1960,2.6
Albania,1970,3.5
Albania,1980,12.6
Albania,1990,1.5
Albania,2000,1.5
Albania,2010,6.6
Albania,2020,70.4
Algeria,1900,0
Algeria,1910,1.2
Algeria,1920,300
Algeria,1930,0
Algeria,1940,27.6
Algeria,1950,127.5
Algeria,1960,22.2
Algeria,1970,3.2
Algeria,1980,284.6
Algeria,1990,33.3
Algeria,2000,366.6
Algeria,2010,11.1
Algeria,2020,37.8
American Samoa,1900,0
American Samoa,1910,0
American Samoa,1920,0
American Samoa,1930,0
American Samoa,1940,0
American Samoa,1950,0
American Samoa,1960,9
American Samoa,1970,0
American Samoa,1980,0
American Samoa,1990,0
American Samoa,2000,4
American Samoa,2010,0
American Samoa,2020,0
Angola,1900,0
Angola,1910,0
Angola,1920,0
Angola,1930,0
Angola,1940,0
Angola,1950,0
Angola,1960,0
Angola,1970,0
Angola,1980,0
Angola,1990,0
Angola,2000,39.9
Angola,2010,44
Angola,2020,28.2
Anguilla,1900,0
Anguilla,1910,0
Anguilla,1920,0
Anguilla,1930,0
Anguilla,1940,0
Anguilla,1950,0
Anguilla,1960,0.5
Anguilla,1970,0
Anguilla,1980,0
Anguilla,1990,0
Anguilla,2000,0
Anguilla,2010,0.4
Anguilla,2020,0
Antigua and Barbuda,1900,0
Antigua and Barbuda,1910,0
Antigua and Barbuda,1920,0
Antigua and Barbuda,1930,0
Antigua and Barbuda,1940,0
Antigua and Barbuda,1950,0.2
Antigua and Barbuda,1960,0.2
Antigua and Barbuda,1970,0
Antigua and Barbuda,1980,0.2
Antigua and Barbuda,1990,0.6
Antigua and Barbuda,2000,0
Antigua and Barbuda,2010,0.1
Antigua and Barbuda,2020,0
Argentina,1900,0
Argentina,1910,0
Argentina,1920,40
Argentina,1930,0
Argentina,1940,1000
Argentina,1950,36
Argentina,1960,16.3
Argentina,1970,39.1
Argentina,1980,14.4
Argentina,1990,13
Argentina,2000,18.1
Argentina,2010,18
Argentina,2020,8
Armenia,1900,0
Armenia,1910,0
Armenia,1920,0
Armenia,1930,289
Armenia,1940,0
Armenia,1950,0
Armenia,1960,0
Armenia,1970,0
Armenia,1980,0
Armenia,1990,0.4
Armenia,2000,0.1
Armenia,2010,0
Armenia,2020,0
Asia,1900,130951
Asia,1910,19879.8
Asia,1920,399968.5
Asia,1930,457277.4
Asia,1940,362185.4
Asia,1950,58210.5
Asia,1960,320723.7
Asia,1970,73901.8
Asia,1980,10186.9
Asia,1990,34858.9
Asia,2000,66021.4
Asia,2010,11407
Asia,2020,16621
Australia,1900,0
Australia,1910,0
Australia,1920,0
Australia,1930,7.1
Australia,1940,4.9
Australia,1950,7
Australia,1960,67.4
Australia,1970,17.5
Australia,1980,21.7
Australia,1990,14.7
Australia,2000,59.5
Australia,2010,25.1
Australia,2020,12
Austria,1900,0
Austria,1910,0
Austria,1920,0
Austria,1930,0
Austria,1940,0
Austria,1950,23.8
Austria,1960,0
Austria,1970,1.5
Austria,1980,6.6
Austria,1990,6.6
Austria,2000,38.6
Austria,2010,2.6
Austria,2020,85.6
Azerbaijan,1900,0
Azerbaijan,1910,0
Azerbaijan,1920,0
Azerbaijan,1930,0
Azerbaijan,1940,0
Azerbaijan,1950,0
Azerbaijan,1960,0
Azerbaijan,1970,0
Azerbaijan,1980,0
Azerbaijan,1990,1.8
Azerbaijan,2000,4.2
Azerbaijan,2010,0.8
Azerbaijan,2020,0
Bahamas,1900,0
Bahamas,1910,0
Bahamas,1920,0
Bahamas,1930,1.4
Bahamas,1940,2.2
Bahamas,1950,0
Bahamas,1960,0.5
Bahamas,1970,0
Bahamas,1980,0
Bahamas,1990,0.5
Bahamas,2000,1.4
Bahamas,2010,39
Bahamas,2020,0
Bangladesh,1900,17.2
Bangladesh,1910,0
Bangladesh,1920,0.6
Bangladesh,1930,0
Bangladesh,1940,196650
Bangladesh,1950,70
Bangladesh,1960,10291.3
Bangladesh,1970,33653.7
Bangladesh,1980,2621.4
Bangladesh,1990,14636.8
Bangladesh,2000,925.6
Bangladesh,2010,181.2
Bangladesh,2020,100.6
Barbados,1900,0
Barbados,1910,0
Barbados,1920,0
Barbados,1930,0
Barbados,1940,0
Barbados,1950,5.7
Barbados,1960,0
Barbados,1970,0.3
Barbados,1980,0
Barbados,1990,0
Barbados,2000,0.1
Barbados,2010,0.1
Barbados,2020,0
Belarus,1900,0
Belarus,1910,0
Belarus,1920,0
Belarus,1930,0
Belarus,1940,0
Belarus,1950,0
Belarus,1960,0
Belarus,1970,0
Belarus,1980,0
Belarus,1990,0.7
Belarus,2000,0.5
Belarus,2010,4.9
Belarus,2020,0
Belgium,1900,0.6
Belgium,1910,0
Belgium,1920,0
Belgium,1930,6
Belgium,1940,0
Belgium,1950,1.5
Belgium,1960,1.2
Belgium,1970,0
Belgium,1980,0.2
Belgium,1990,2.5
Belgium,2000,212.7
Belgium,2010,107.8
Belgium,2020,445.4
Belize,1900,0
Belize,1910,0
Belize,1920,0
Belize,1930,150
Belize,1940,0
Belize,1950,1.6
Belize,1960,27.5
Belize,1970,0.5
Belize,1980,0
Belize,1990,0.9
Belize,2000,5.5
Belize,2010,0
Belize,2020,0
Benin,1900,0
Benin,1910,0
Benin,1920,0
Benin,1930,0
Benin,1940,0
Benin,1950,0
Benin,1960,0
Benin,1970,0.2
Benin,1980,6.1
Benin,1990,3.7
Benin,2000,3.5
Benin,2010,5.1
Benin,2020,12.6
Bermuda,1900,0
Bermuda,1910,0
Bermuda,1920,0
Bermuda,1930,0
Bermuda,1940,0
Bermuda,1950,0
Bermuda,1960,0
Bermuda,1970,0
Bermuda,1980,0
Bermuda,1990,0
Bermuda,2000,0.4
Bermuda,2010,0
Bermuda,2020,0
Bhutan,1900,0
Bhutan,1910,0
Bhutan,1920,0
Bhutan,1930,0
Bhutan,1940,0
Bhutan,1950,0
Bhutan,1960,0
Bhutan,1970,0
Bhutan,1980,0
Bhutan,1990,3.9
Bhutan,2000,22.3
Bhutan,2010,0.1
Bhutan,2020,2
Bolivia,1900,0
Bolivia,1910,0
Bolivia,1920,0
Bolivia,1930,0
Bolivia,1940,0
Bolivia,1950,0
Bolivia,1960,7.8
Bolivia,1970,8.1
Bolivia,1980,30.4
Bolivia,1990,31.2
Bolivia,2000,46.5
Bolivia,2010,46.1
Bolivia,2020,35
Bosnia and Herzegovina,1900,0
Bosnia and Herzegovina,1910,0
Bosnia and Herzegovina,1920,0
Bosnia and Herzegovina,1930,0
Bosnia and Herzegovina,1940,0
Bosnia and Herzegovina,1950,0
Bosnia and Herzegovina,1960,0
Bosnia and Herzegovina,1970,0
Bosnia and Herzegovina,1980,0
Bosnia and Herzegovina,1990,0
Bosnia and Herzegovina,2000,1.1
Bosnia and Herzegovina,2010,3.6
Bosnia and Herzegovina,2020,0.6
Botswana,1900,0
Botswana,1910,0
Botswana,1920,0
Botswana,1930,0
Botswana,1940,0
Botswana,1950,0
Botswana,1960,0
Botswana,1970,0
Botswana,1980,0.8
Botswana,1990,2
Botswana,2000,0.3
Botswana,2010,1.2
Botswana,2020,0
Brazil,1900,0
Brazil,1910,0
Brazil,1920,0
Brazil,1930,0
Brazil,1940,30
Brazil,1950,33.7
Brazil,1960,275.3
Brazil,1970,139.9
Brazil,1980,195.5
Brazil,1990,76.8
Brazil,2000,104.9
Brazil,2010,175.4
Brazil,2020,196.8
British Virgin Islands,1900,0
British Virgin Islands,1910,0
British Virgin Islands,1920,0
British Virgin Islands,1930,0
British Virgin Islands,1940,0
British Virgin Islands,1950,0
British Virgin Islands,1960,0
British Virgin Islands,1970,0
British Virgin Islands,1980,0
British Virgin Islands,1990,0
British Virgin Islands,2000,0
British Virgin Islands,2010,0.9
British Virgin Islands,2020,0
Brunei,1900,0
Brunei,1910,0
Brunei,1920,0
Brunei,1930,0
Brunei,1940,0
Brunei,1950,0
Brunei,1960,0
Brunei,1970,0
Brunei,1980,0
Brunei,1990,0
Brunei,2000,0
Brunei,2010,0
Brunei,2020,0
Bulgaria,1900,0
Bulgaria,1910,0
Bulgaria,1920,10.7
Bulgaria,1930,0
Bulgaria,1940,0
Bulgaria,1950,0
Bulgaria,1960,1.1
Bulgaria,1970,2
Bulgaria,1980,0.3
Bulgaria,1990,0.4
Bulgaria,2000,10.1
Bulgaria,2010,6.7
Bulgaria,2020,257
Burkina Faso,1900,0
Burkina Faso,1910,0
Burkina Faso,1920,0
Burkina Faso,1930,0
Burkina Faso,1940,0
Burkina Faso,1950,0
Burkina Faso,1960,0
Burkina Faso,1970,0
Burkina Faso,1980,1.6
Burkina Faso,1990,2.8
Burkina Faso,2000,6.7
Burkina Faso,2010,6.1
Burkina Faso,2020,2.6
Burundi,1900,0
Burundi,1910,0
Burundi,1920,0
Burundi,1930,0
Burundi,1940,0
Burundi,1950,0
Burundi,1960,0
Burundi,1970,0
Burundi,1980,1.2
Burundi,1990,0
Burundi,2000,16.5
Burundi,2010,24.7
Burundi,2020,5.2
Cambodia,1900,0
Cambodia,1910,0
Cambodia,1920,0
Cambodia,1930,0
Cambodia,1940,0
Cambodia,1950,0
Cambodia,1960,0
Cambodia,1970,0
Cambodia,1980,0
Cambodia,1990,69.7
Cambodia,2000,47.4
Cambodia,2010,52.6
Cambodia,2020,15.2
Cameroon,1900,0
Cameroon,1910,0
Cameroon,1920,0
Cameroon,1930,0
Cameroon,1940,0
Cameroon,1950,0
Cameroon,1960,0
Cameroon,1970,0
Cameroon,1980,178.5
Cameroon,1990,3.2
Cameroon,2000,7.2
Cameroon,2010,9.9
Cameroon,2020,9.6
Canada,1900,12.7
Canada,1910,21.9
Canada,1920,7
Canada,1930,50
Canada,1940,1.7
Canada,1950,9.3
Canada,1960,5.9
Canada,1970,5.5
Canada,1980,4.2
Canada,1990,6.3
Canada,2000,4.2
Canada,2010,9.6
Canada,2020,170
Cape Verde,1900,1100
Cape Verde,1910,0
Cape Verde,1920,2400
Cape Verde,1930,0
Cape Verde,1940,5000
Cape Verde,1950,0
Cape Verde,1960,0
Cape Verde,1970,0
Cape Verde,1980,3.2
Cape Verde,1990,0
Cape Verde,2000,0.3
Cape Verde,2010,0.9
Cape Verde,2020,0.2
Cayman Islands,1900,0
Cayman Islands,1910,0
Cayman Islands,1920,0
Cayman Islands,1930,0
Cayman Islands,1940,0
Cayman Islands,1950,0
Cayman Islands,1960,0
Cayman Islands,1970,0
Cayman Islands,1980,0
Cayman Islands,1990,0
Cayman Islands,2000,0.2
Cayman Islands,2010,0
Cayman Islands,2020,0
Central African Republic,1900,0
Central African Republic,1910,0
Central African Republic,1920,0
Central African Republic,1930,0
Central African Republic,1940,0
Central African Republic,1950,0
Central African Republic,1960,0
Central African Republic,1970,0
Central African Republic,1980,0
Central African Republic,1990,0.7
Central African Republic,2000,1.3
Central African Republic,2010,0.5
Central African Republic,2020,3.2
Chad,1900,0
Chad,1910,0
Chad,1920,0
Chad,1930,0
Chad,1940,0
Chad,1950,0
Chad,1960,0
Chad,1970,1.3
Chad,1980,305.4
Chad,1990,4.1
Chad,2000,18.7
Chad,2010,9.6
Chad,2020,11.4
Chile,1900,2000
Chile,1910,0
Chile,1920,122
Chile,1930,3000
Chile,1940,15.5
Chile,1950,1.5
Chile,1960,709.2
Chile,1970,16.6
Chile,1980,53.5
Chile,1990,33.3
Chile,2000,15
Chile,2010,85.5
Chile,2020,93.4
China,1900,1480.1
China,1910,16291.2
China,1920,383602.4
China,1930,438157.7
China,1940,6052.6
China,1950,52686.3
China,1960,152074.7
China,1970,29414.9
China,1980,2092.7
China,1990,2776.7
China,2000,9822.1
China,2010,1493
China,2020,328.2
Colombia,1900,40
Colombia,1910,0
Colombia,1920,40
Colombia,1930,1.8
Colombia,1940,100
Colombia,1950,69.3
Colombia,1960,29.5
Colombia,1970,211.5
Colombia,1980,2371
Colombia,1990,214.6
Colombia,2000,133.4
Colombia,2010,171.7
Colombia,2020,59.2
Comoros,1900,1.7
Comoros,1910,0
Comoros,1920,0
Comoros,1930,0
Comoros,1940,0
Comoros,1950,50
Comoros,1960,0
Comoros,1970,0.1
Comoros,1980,5.9
Comoros,1990,0
Comoros,2000,0.3
Comoros,2010,1.2
Comoros,2020,0
Congo,1900,0
Congo,1910,0
Congo,1920,0
Congo,1930,0
Congo,1940,0
Congo,1950,0
Congo,1960,15.4
Congo,1970,0
Congo,1980,0
Congo,1990,0.2
Congo,2000,0.7
Congo,2010,1.9
Congo,2020,12.2
Cook Islands,1900,0
Cook Islands,1910,0
Cook Islands,1920,0
Cook Islands,1930,0
Cook Islands,1940,0
Cook Islands,1950,0
Cook Islands,1960,0
Cook Islands,1970,0
Cook Islands,1980,0.5
Cook Islands,1990,2
Cook Islands,2000,0
Cook Islands,2010,0
Cook Islands,2020,0
Costa Rica,1900,0
Costa Rica,1910,245
Costa Rica,1920,0
Costa Rica,1930,0
Costa Rica,1940,0
Costa Rica,1950,3.9
Costa Rica,1960,10.9
Costa Rica,1970,4.7
Costa Rica,1980,4.8
Costa Rica,1990,14
Costa Rica,2000,9.7
Costa Rica,2010,6.2
Costa Rica,2020,0.6
Cote d'Ivoire,1900,0
Cote d'Ivoire,1910,0
Cote d'Ivoire,1920,0
Cote d'Ivoire,1930,0
Cote d'Ivoire,1940,0
Cote d'Ivoire,1950,0
Cote d'Ivoire,1960,0
Cote d'Ivoire,1970,0
Cote d'Ivoire,1980,0
Cote d'Ivoire,1990,2.8
Cote d'Ivoire,2000,3.3
Cote d'Ivoire,2010,14.7
Cote d'Ivoire,2020,7.4
Croatia,1900,0
Croatia,1910,0
Croatia,1920,0
Croatia,1930,0
Croatia,1940,0
Croatia,1950,0
Croatia,1960,0
Croatia,1970,0
Croatia,1980,0
Croatia,1990,0
Croatia,2000,84.8
Croatia,2010,1.1
Croatia,2020,148.2
Cuba,1900,0
Cuba,1910,0
Cuba,1920,60
Cuba,1930,253.5
Cuba,1940,1.4
Cuba,1950,0
Cuba,1960,175.5
Cuba,1970,3.4
Cuba,1980,6.9
Cuba,1990,8.4
Cuba,2000,4.4
Cuba,2010,4.4
Cuba,2020,3
Cyprus,1900,0
Cyprus,1910,0
Cyprus,1920,0
Cyprus,1930,0
Cyprus,1940,0
Cyprus,1950,4
Cyprus,1960,0.3
Cyprus,1970,0
Cyprus,1980,0
Cyprus,1990,5.4
Cyprus,2000,0.9
Cyprus,2010,0
Cyprus,2020,21
Czechia,1900,0
Czechia,1910,0
Czechia,1920,0
Czechia,1930,0
Czechia,1940,0
Czechia,1950,0
Czechia,1960,0
Czechia,1970,0
Czechia,1980,0
Czechia,1990,3.6
Czechia,2000,48.1
Czechia,2010,7.3
Czechia,2020,57.4
Czechoslovakia,1900,0
Czechoslovakia,1910,0
Czechoslovakia,1920,0
Czechoslovakia,1930,0
Czechoslovakia,1940,0
Czechoslovakia,1950,0
Czechoslovakia,1960,0
Czechoslovakia,1970,1.4
Czechoslovakia,1980,1
Czechoslovakia,1990,0
Czechoslovakia,2000,0
Czechoslovakia,2010,0
Czechoslovakia,2020,0
Democratic Republic of Congo,1900,0
Democratic Republic of Congo,1910,0
Democratic Republic of Congo,1920,0
Democratic Republic of Congo,1930,0
Democratic Republic of Congo,1940,0
Democratic Republic of Congo,1950,0
Democratic Republic of Congo,1960,17.8
Democratic Republic of Congo,1970,14.7
Democratic Republic of Congo,1980,0
Democratic Republic of Congo,1990,7.3
Democratic Republic of Congo,2000,41.7
Democratic Republic of Congo,2010,73.5
Democratic Republic of Congo,2020,685.2
Denmark,1900,0
Denmark,1910,0
Denmark,1920,0
Denmark,1930,0
Denmark,1940,0
Denmark,1950,0
Denmark,1960,0
Denmark,1970,0
Denmark,1980,1.1
Denmark,1990,0.8
Denmark,2000,0.5
Denmark,2010,0.2
Denmark,2020,50.6
Djibouti,1900,0
Djibouti,1910,0
Djibouti,1920,0
Djibouti,1930,0
Djibouti,1940,0
Djibouti,1950,0
Djibouti,1960,0
Djibouti,1970,0
Djibouti,1980,3.5
Djibouti,1990,14.5
Djibouti,2000,5.1
Djibouti,2010,1.3
Djibouti,2020,1.6
Dominica,1900,0
Dominica,1910,0
Dominica,1920,0
Dominica,1930,200
Dominica,1940,0
Dominica,1950,0
Dominica,1960,0
Dominica,1970,4
Dominica,1980,0.2
Dominica,1990,0.2
Dominica,2000,0.2
Dominica,2010,9.4
Dominica,2020,0
Dominican Republic,1900,0
Dominican Republic,1910,0
Dominican Republic,1920,0
Dominican Republic,1930,200
Dominican Republic,1940,7.3
Dominican Republic,1950,0
Dominican Republic,1960,48.1
Dominican Republic,1970,143.2
Dominican Republic,1980,5.4
Dominican Republic,1990,42.5
Dominican Republic,2000,93.7
Dominican Republic,2010,5.5
Dominican Republic,2020,9.6
East Germany,1900,0
East Germany,1910,0
East Germany,1920,0
East Germany,1930,0
East Germany,1940,0
East Germany,1950,0
East Germany,1960,0
East Germany,1970,0
East Germany,1980,0
East Germany,1990,0
East Germany,2000,0
East Germany,2010,0
East Germany,2020,0
East Timor,1900,0
East Timor,1910,0
East Timor,1920,0
East Timor,1930,0
East Timor,1940,0
East Timor,1950,0
East Timor,1960,0
East Timor,1970,0
East Timor,1980,0
East Timor,1990,0
East Timor,2000,0.5
East Timor,2010,0
East Timor,2020,8.8
Ecuador,1900,0
Ecuador,1910,0
Ecuador,1920,4
Ecuador,1930,19
Ecuador,1940,620
Ecuador,1950,12.1
Ecuador,1960,5
Ecuador,1970,17.5
Ecuador,1980,555.2
Ecuador,1990,76.4
Ecuador,2000,29.2
Ecuador,2010,79.2
Ecuador,2020,41.6
Egypt,1900,0
Egypt,1910,0
Egypt,1920,1.2
Egypt,1930,0
Egypt,1940,0
Egypt,1950,2
Egypt,1960,0.2
Egypt,1970,6.8
Egypt,1980,3
Egypt,1990,129.2
Egypt,2000,13.2
Egypt,2010,22.5
Egypt,2020,8.6
El Salvador,1900,0
El Salvador,1910,0
El Salvador,1920,0
El Salvador,1930,240
El Salvador,1940,0
El Salvador,1950,110
El Salvador,1960,12.7
El Salvador,1970,0
El Salvador,1980,168.5
El Salvador,1990,53
El Salvador,2000,159.1
El Salvador,2010,8
El Salvador,2020,18.8
Eritrea,1900,0
Eritrea,1910,0
Eritrea,1920,0
Eritrea,1930,0
Eritrea,1940,0
Eritrea,1950,0
Eritrea,1960,0
Eritrea,1970,0
Eritrea,1980,0
Eritrea,1990,0.3
Eritrea,2000,0
Eritrea,2010,0
Eritrea,2020,0
Estonia,1900,0
Estonia,1910,0
Estonia,1920,0
Estonia,1930,0
Estonia,1940,0
Estonia,1950,0
Estonia,1960,0
Estonia,1970,0
Estonia,1980,0
Estonia,1990,0
Estonia,2000,0.3
Estonia,2010,0.8
Estonia,2020,33.4
Eswatini,1900,0
Eswatini,1910,0
Eswatini,1920,0
Eswatini,1930,0
Eswatini,1940,0
Eswatini,1950,0
Eswatini,1960,0
Eswatini,1970,0
Eswatini,1980,55.3
Eswatini,1990,0
Eswatini,2000,0.3
Eswatini,2010,1.1
Eswatini,2020,0
Ethiopia,1900,0
Ethiopia,1910,0
Ethiopia,1920,0
Ethiopia,1930,0
Ethiopia,1940,0
Ethiopia,1950,0
Ethiopia,1960,205.5
Ethiopia,1970,10008
Ethiopia,1980,30042.1
Ethiopia,1990,48.2
Ethiopia,2000,144.8
Ethiopia,2010,21.4
Ethiopia,2020,40.2
Europe,1900,8111.1
Europe,1910,3020.4
Europe,1920,120304.9
Europe,1930,259.8
Europe,1940,12732.5
Europe,1950,777.1
Europe,1960,545.2
Europe,1970,502.5
Europe,1980,3332.6
Europe,1990,666.1
Europe,2000,8281
Europe,2010,6697.8
Europe,2020,13797.8
European Union (27),1900,7634.3
European Union (27),1910,3011.4
European Union (27),1920,282.6
European Union (27),1930,222.4
European Union (27),1940,136.3
European Union (27),1950,364.5
European Union (27),1960,355.6
European Union (27),1970,462
European Union (27),1980,697.5
European Union (27),1990,245.3
European Union (27),2000,7851.6
European Union (27),2010,903.3
European Union (27),2020,12298.8
Fiji,1900,0
Fiji,1910,0
Fiji,1920,0
Fiji,1930,20
Fiji,1940,0.6
Fiji,1950,2.3
Fiji,1960,0.3
Fiji,1970,11.5
Fiji,1980,9
Fiji,1990,5.9
Fiji,2000,7
Fiji,2010,7.4
Fiji,2020,3
Finland,1900,0
Finland,1910,0
Finland,1920,0
Finland,1930,0
Finland,1940,0
Finland,1950,0
Finland,1960,0
Finland,1970,0
Finland,1980,0
Finland,1990,0
Finland,2000,0
Finland,2010,0
Finland,2020,45
France,1900,4.6
France,1910,0
France,1920,2.8
France,1930,7
France,1940,8
France,1950,3.5
France,1960,5
France,1970,15.4
France,1980,15.2
France,1990,36.7
France,2000,2101.2
France,2010,490.5
France,2020,1354.2
French Guiana,1900,0
French Guiana,1910,0
French Guiana,1920,0
French Guiana,1930,0
French Guiana,1940,0
French Guiana,1950,0
French Guiana,1960,0
French Guiana,1970,0
French Guiana,1980,0
French Guiana,1990,0
French Guiana,2000,1
French Guiana,2010,0
French Guiana,2020,0
French Polynesia,1900,0
French Polynesia,1910,0
French Polynesia,1920,0
French Polynesia,1930,0
French Polynesia,1940,0
French Polynesia,1950,0
French Polynesia,1960,0
French Polynesia,1970,0
French Polynesia,1980,1.7
French Polynesia,1990,1.3
French Polynesia,2000,0
French Polynesia,2010,0.1
French Polynesia,2020,0
Gabon,1900,0
Gabon,1910,0
Gabon,1920,0
Gabon,1930,0
Gabon,1940,0
Gabon,1950,0
Gabon,1960,0
Gabon,1970,0
Gabon,1980,0
Gabon,1990,0
Gabon,2000,0
Gabon,2010,0.1
Gabon,2020,0
Gambia,1900,0
Gambia,1910,0
Gambia,1920,0
Gambia,1930,0
Gambia,1940,0
Gambia,1950,0
Gambia,1960,0
Gambia,1970,0
Gambia,1980,0
Gambia,1990,5.3
Gambia,2000,1.1
Gambia,2010,2.1
Gambia,2020,3.2
Georgia,1900,0
Georgia,1910,0
Georgia,1920,0
Georgia,1930,0
Georgia,1940,0
Georgia,1950,0
Georgia,1960,0
Georgia,1970,0
Georgia,1980,0
Georgia,1990,1.7
Georgia,2000,0.7
Georgia,2010,5.2
Georgia,2020,3.6
Germany,1900,0
Germany,1910,0
Germany,1920,0
Germany,1930,0
Germany,1940,0
Germany,1950,0
Germany,1960,0
Germany,1970,0
Germany,1980,0
Germany,1990,15.7
Germany,2000,948.8
Germany,2010,6.8
Germany,2020,1676.4
Ghana,1900,0
Ghana,1910,0
Ghana,1920,0
Ghana,1930,2.2
Ghana,1940,0
Ghana,1950,0
Ghana,1960,0
Ghana,1970,0
Ghana,1980,1.1
Ghana,1990,20.2
Ghana,2000,11.2
Ghana,2010,20.9
Ghana,2020,4.8
Greece,1900,0.4
Greece,1910,1.4
Greece,1920,10.3
Greece,1930,17.3
Greece,1940,0.5
Greece,1950,59.3
Greece,1960,14.3
Greece,1970,9.2
Greece,1980,118.4
Greece,1990,24.5
Greece,2000,14.2
Greece,2010,15
Greece,2020,629
Grenada,1900,0
Grenada,1910,0
Grenada,1920,0
Grenada,1930,0
Grenada,1940,0
Grenada,1950,0
Grenada,1960,0.6
Grenada,1970,0
Grenada,1980,0
Grenada,1990,0
Grenada,2000,3.9
Grenada,2010,0
Grenada,2020,0
Guadeloupe,1900,0
Guadeloupe,1910,0
Guadeloupe,1920,200
Guadeloupe,1930,0
Guadeloupe,1940,0
Guadeloupe,1950,0
Guadeloupe,1960,3.9
Guadeloupe,1970,0
Guadeloupe,1980,0.5
Guadeloupe,1990,0.4
Guadeloupe,2000,0.1
Guadeloupe,2010,0.4
Guadeloupe,2020,0.2
Guam,1900,0
Guam,1910,0
Guam,1920,0
Guam,1930,0
Guam,1940,0
Guam,1950,0
Guam,1960,0.6
Guam,1970,0.9
Guam,1980,0
Guam,1990,0.1
Guam,2000,0.2
Guam,2010,0
Guam,2020,0.4
Guatemala,1900,900
Guatemala,1910,265
Guatemala,1920,0
Guatemala,1930,0
Guatemala,1940,4000
Guatemala,1950,0
Guatemala,1960,26.9
Guatemala,1970,2300.5
Guatemala,1980,71.9
Guatemala,1990,52.7
Guatemala,2000,189.3
Guatemala,2010,121.6
Guatemala,2020,77.6
Guinea,1900,0
Guinea,1910,0
Guinea,1920,0
Guinea,1930,0
Guinea,1940,0
Guinea,1950,0
Guinea,1960,0
Guinea,1970,0
Guinea,1980,44.3
Guinea,1990,1.2
Guinea,2000,1.5
Guinea,2010,2.4
Guinea,2020,2.6
Guinea-Bissau,1900,0
Guinea-Bissau,1910,0
Guinea-Bissau,1920,0
Guinea-Bissau,1930,0
Guinea-Bissau,1940,0
Guinea-Bissau,1950,0
Guinea-Bissau,1960,0
Guinea-Bissau,1970,0
Guinea-Bissau,1980,0.1
Guinea-Bissau,1990,0.3
Guinea-Bissau,2000,0.3
Guinea-Bissau,2010,0.5
Guinea-Bissau,2020,0
Guyana,1900,0
Guyana,1910,0
Guyana,1920,0
Guyana,1930,0
Guyana,1940,0
Guyana,1950,0
Guyana,1960,0
Guyana,1970,0
Guyana,1980,0
Guyana,1990,0
Guyana,2000,3.4
Guyana,2010,0
Guyana,2020,0
Haiti,1900,15
Haiti,1910,160
Haiti,1920,0
Haiti,1930,215
Haiti,1940,0
Haiti,1950,72.8
Haiti,1960,610.6
Haiti,1970,8.6
Haiti,1980,48.2
Haiti,1990,142.2
Haiti,2000,657.3
Haiti,2010,22350.4
Haiti,2020,542
High-income countries,1900,11599.5
High-income countries,1910,4119.6
High-income countries,1920,15863.2
High-income countries,1930,6248.6
High-income countries,1940,2811.1
High-income countries,1950,3098.6
High-income countries,1960,2175.3
High-income countries,1970,1146.3
High-income countries,1980,1585.8
High-income countries,1990,1690.3
High-income countries,2000,8791.4
High-income countries,2010,3784.8
High-income countries,2020,14224.8
Honduras,1900,0
Honduras,1910,0
Honduras,1920,0
Honduras,1930,150
Honduras,1940,0
Honduras,1950,0
Honduras,1960,27.5
Honduras,1970,1082.1
Honduras,1980,15.9
Honduras,1990,1524.3
Honduras,2000,18.8
Honduras,2010,21.5
Honduras,2020,30.2
Hong Kong,1900,1000
Hong Kong,1910,0
Hong Kong,1920,10
Hong Kong,1930,1100
Hong Kong,1940,200
Hong Kong,1950,5.1
Hong Kong,1960,49.1
Hong Kong,1970,42.1
Hong Kong,1980,8.5
Hong Kong,1990,12.1
Hong Kong,2000,0.6
Hong Kong,2010,0.1
Hong Kong,2020,0.4
Hungary,1900,0
Hungary,1910,0
Hungary,1920,0
Hungary,1930,0
Hungary,1940,0
Hungary,1950,0
Hungary,1960,0
Hungary,1970,30
Hungary,1980,0.4
Hungary,1990,4.8
Hungary,2000,66.3
Hungary,2010,19.6
Hungary,2020,102.6
Iceland,1900,0
Iceland,1910,0
Iceland,1920,0
Iceland,1930,0
Iceland,1940,0
Iceland,1950,0
Iceland,1960,0
Iceland,1970,1.3
Iceland,1980,0.4
Iceland,1990,3.4
Iceland,2000,0
Iceland,2010,0
Iceland,2020,0
India,1900,127000
India,1910,30
India,1920,204.3
India,1930,6033.3
India,1940,154680.4
India,1950,692.1
India,1960,151504.2
India,1970,3595.3
India,1980,2006.6
India,1990,4789.5
India,2000,5798.2
India,2010,2175
India,2020,1758.2
Indonesia,1900,0
Indonesia,1910,2015.8
Indonesia,1920,96.5
Indonesia,1930,270.1
Indonesia,1940,21.3
Indonesia,1950,218
Indonesia,1960,1160
Indonesia,1970,452.2
Indonesia,1980,330.7
Indonesia,1990,543.9
Indonesia,2000,17874.3
Indonesia,2010,812.8
Indonesia,2020,264.4
Iran,1900,535
Iran,1910,70
Iran,1920,640
Iran,1930,319.2
Iran,1940,137
Iran,1950,1137.5
Iran,1960,2344
Iran,1970,3209
Iran,1980,512.2
Iran,1990,4422.5
Iran,2000,2856.4
Iran,2010,107.2
Iran,2020,38
Iraq,1900,0
Iraq,1910,0
Iraq,1920,0
Iraq,1930,0
Iraq,1940,0
Iraq,1950,0
Iraq,1960,0
Iraq,1970,0
Iraq,1980,0
Iraq,1990,2
Iraq,2000,2.6
Iraq,2010,12
Iraq,2020,6.2
Ireland,1900,0
Ireland,1910,0
Ireland,1920,0
Ireland,1930,0
Ireland,1940,0
Ireland,1950,0
Ireland,1960,0
Ireland,1970,0
Ireland,1980,2.1
Ireland,1990,1.7
Ireland,2000,0.1
Ireland,2010,0.6
Ireland,2020,5.4
Isle of Man,1900,0
Isle of Man,1910,0
Isle of Man,1920,0
Isle of Man,1930,0
Isle of Man,1940,0
Isle of Man,1950,0
Isle of Man,1960,0
Isle of Man,1970,0
Isle of Man,1980,0
Isle of Man,1990,0
Isle of Man,2000,0
Isle of Man,2010,0
Isle of Man,2020,0
Israel,1900,2
Israel,1910,0
Israel,1920,0
Israel,1930,0
Israel,1940,0
Israel,1950,0
Israel,1960,0
Israel,1970,2
Israel,1980,0
Israel,1990,2
Israel,2000,0.3
Israel,2010,6.2
Israel,2020,1.4
Italy,1900,7625.7
Italy,1910,3010
Italy,1920,150
Italy,1930,192.1
Italy,1940,13.1
Italy,1950,56
Italy,1960,240.3
Italy,1970,113.5
Italy,1980,513.6
Italy,1990,33.3
Italy,2000,2055.1
Italy,2010,51.8
Italy,2020,3616.8
Jamaica,1900,161.8
Jamaica,1910,19.9
Jamaica,1920,0.4
Jamaica,1930,21.4
Jamaica,1940,15.7
Jamaica,1950,15.4
Jamaica,1960,1.1
Jamaica,1970,5
Jamaica,1980,12.5
Jamaica,1990,2.8
Jamaica,2000,5.5
Jamaica,2010,1.6
Jamaica,2020,0
Japan,1900,26.6
Japan,1910,662.5
Japan,1920,14978.8
Japan,1930,722.5
Japan,1940,2266.2
Japan,1950,1745.1
Japan,1960,302.6
Japan,1970,162.3
Japan,1980,159.7
Japan,1990,616.1
Japan,2000,81.9
Japan,2010,2197.4
Japan,2020,102.8
Jordan,1900,0
Jordan,1910,0
Jordan,1920,26.8
Jordan,1930,0
Jordan,1940,0
Jordan,1950,0
Jordan,1960,29.2
Jordan,1970,0
Jordan,1980,0.9
Jordan,1990,2.7
Jordan,2000,1.4
Jordan,2010,3.4
Jordan,2020,0
Kazakhstan,1900,0
Kazakhstan,1910,45
Kazakhstan,1920,0
Kazakhstan,1930,0
Kazakhstan,1940,0
Kazakhstan,1950,0
Kazakhstan,1960,0
Kazakhstan,1970,0
Kazakhstan,1980,0
Kazakhstan,1990,12.2
Kazakhstan,2000,5.5
Kazakhstan,2010,5.3
Kazakhstan,2020,3.6
Kenya,1900,0
Kenya,1910,0
Kenya,1920,0
Kenya,1930,0
Kenya,1940,0
Kenya,1950,0
Kenya,1960,0
Kenya,1970,10
Kenya,1980,12.5
Kenya,1990,17.2
Kenya,2000,76.8
Kenya,2010,98.9
Kenya,2020,104.6
Kiribati,1900,0
Kiribati,1910,0
Kiribati,1920,0
Kiribati,1930,0
Kiribati,1940,0
Kiribati,1950,0
Kiribati,1960,0
Kiribati,1970,0.3
Kiribati,1980,0
Kiribati,1990,0
Kiribati,2000,0
Kiribati,2010,0
Kiribati,2020,0
Kuwait,1900,0
Kuwait,1910,0
Kuwait,1920,0
Kuwait,1930,0
Kuwait,1940,0
Kuwait,1950,0
Kuwait,1960,0
Kuwait,1970,0
Kuwait,1980,0
Kuwait,1990,0.2
Kuwait,2000,0
Kuwait,2010,0.1
Kuwait,2020,0
Kyrgyzstan,1900,0
Kyrgyzstan,1910,0
Kyrgyzstan,1920,0
Kyrgyzstan,1930,0
Kyrgyzstan,1940,0
Kyrgyzstan,1950,0
Kyrgyzstan,1960,0
Kyrgyzstan,1970,0
Kyrgyzstan,1980,0
Kyrgyzstan,1990,22.1
Kyrgyzstan,2000,17.9
Kyrgyzstan,2010,4
Kyrgyzstan,2020,3
Laos,1900,0
Laos,1910,0
Laos,1920,0
Laos,1930,0
Laos,1940,0
Laos,1950,0
Laos,1960,30.2
Laos,1970,4.5
Laos,1980,1.4
Laos,1990,9.6
Laos,2000,4.9
Laos,2010,23.5
Laos,2020,2
Latvia,1900,0
Latvia,1910,0
Latvia,1920,0
Latvia,1930,0
Latvia,1940,0
Latvia,1950,0
Latvia,1960,0
Latvia,1970,0
Latvia,1980,0
Latvia,1990,0.6
Latvia,2000,7.6
Latvia,2010,1
Latvia,2020,21
Lebanon,1900,0
Lebanon,1910,0
Lebanon,1920,0
Lebanon,1930,0
Lebanon,1940,0
Lebanon,1950,57.6
Lebanon,1960,0
Lebanon,1970,0
Lebanon,1980,2
Lebanon,1990,2.5
Lebanon,2000,0.1
Lebanon,2010,2.3
Lebanon,2020,0
Lesotho,1900,0
Lesotho,1910,0
Lesotho,1920,0
Lesotho,1930,0
Lesotho,1940,0
Lesotho,1950,0
Lesotho,1960,0
Lesotho,1970,0
Lesotho,1980,1.8
Lesotho,1990,2.2
Lesotho,2000,0.1
Lesotho,2010,2.6
Lesotho,2020,0.4
Liberia,1900,0
Liberia,1910,0
Liberia,1920,0
Liberia,1930,0
Liberia,1940,0
Liberia,1950,0
Liberia,1960,0
Liberia,1970,0
Liberia,1980,4.6
Liberia,1990,1
Liberia,2000,0.3
Liberia,2010,0.1
Liberia,2020,0
Libya,1900,0
Libya,1910,0
Libya,1920,0
Libya,1930,0
Libya,1940,0
Libya,1950,0
Libya,1960,30
Libya,1970,0
Libya,1980,0
Libya,1990,0
Libya,2000,0
Libya,2010,2
Libya,2020,2470.4
Lithuania,1900,0
Lithuania,1910,0
Lithuania,1920,0
Lithuania,1930,0
Lithuania,1940,0
Lithuania,1950,0
Lithuania,1960,0
Lithuania,1970,0
Lithuania,1980,0
Lithuania,1990,4
Lithuania,2000,2
Lithuania,2010,4.4
Lithuania,2020,76.2
Low-income countries,1900,0
Low-income countries,1910,8500
Low-income countries,1920,0
Low-income countries,1930,0
Low-income countries,1940,0
Low-income countries,1950,225.8
Low-income countries,1960,280.4
Low-income countries,1970,12086.9
Low-income countries,1980,55638.4
Low-income countries,1990,1635.5
Low-income countries,2000,1294.4
Low-income countries,2010,3134.6
Low-income countries,2020,4240.6
Lower-middle-income countries,1900,128786
Lower-middle-income countries,1910,404.7
Lower-middle-income countries,1920,3845.2
Lower-middle-income countries,1930,13262.5
Lower-middle-income countries,1940,357037
Lower-middle-income countries,1950,3866.1
Lower-middle-income countries,1960,168622.2
Lower-middle-income countries,1970,44912.1
Lower-middle-income countries,1980,7590.4
Lower-middle-income countries,1990,30061.7
Lower-middle-income countries,2000,37981.5
Lower-middle-income countries,2010,29150.8
Lower-middle-income countries,2020,5041.8
Luxembourg,1900,0
Luxembourg,1910,0
Luxembourg,1920,0
Luxembourg,1930,0
Luxembourg,1940,0
Luxembourg,1950,0
Luxembourg,1960,0
Luxembourg,1970,0
Luxembourg,1980,0
Luxembourg,1990,0
Luxembourg,2000,17
Luxembourg,2010,0
Luxembourg,2020,8.8
Macao,1900,0
Macao,1910,0
Macao,1920,0
Macao,1930,0
Macao,1940,0
Macao,1950,0
Macao,1960,0
Macao,1970,0
Macao,1980,0
Macao,1990,0
Macao,2000,0
Macao,2010,1
Macao,2020,0
Madagascar,1900,0
Madagascar,1910,0
Madagascar,1920,0
Madagascar,1930,0
Madagascar,1940,0
Madagascar,1950,0
Madagascar,1960,11
Madagascar,1970,26.4
Madagascar,1980,52.7
Madagascar,1990,55.8
Madagascar,2000,101
Madagascar,2010,64.8
Madagascar,2020,72.6
Malawi,1900,0
Malawi,1910,0
Malawi,1920,0
Malawi,1930,0
Malawi,1940,0
Malawi,1950,0
Malawi,1960,0
Malawi,1970,0
Malawi,1980,2.2
Malawi,1990,47.7
Malawi,2000,60.6
Malawi,2010,37.9
Malawi,2020,272.4
Malaysia,1900,0
Malaysia,1910,0
Malaysia,1920,0
Malaysia,1930,0
Malaysia,1940,0
Malaysia,1950,0
Malaysia,1960,7.7
Malaysia,1970,6.1
Malaysia,1980,5.1
Malaysia,1990,44.5
Malaysia,2000,20.5
Malaysia,2010,7.7
Malaysia,2020,27
Maldives,1900,0
Maldives,1910,0
Maldives,1920,0
Maldives,1930,0
Maldives,1940,0
Maldives,1950,0
Maldives,1960,0
Maldives,1970,0
Maldives,1980,0
Maldives,1990,0
Maldives,2000,10.2
Maldives,2010,0
Maldives,2020,0
Mali,1900,0
Mali,1910,0
Mali,1920,0
Mali,1930,0
Mali,1940,0
Mali,1950,0
Mali,1960,0
Mali,1970,0
Mali,1980,1.8
Mali,1990,0.5
Mali,2000,6.3
Mali,2010,7.1
Mali,2020,2
Malta,1900,0
Malta,1910,0
Malta,1920,0
Malta,1930,0
Malta,1940,0
Malta,1950,0
Malta,1960,0
Malta,1970,0
Malta,1980,0
Malta,1990,0
Malta,2000,0
Malta,2010,0
Malta,2020,15.2
Marshall Islands,1900,0
Marshall Islands,1910,0
Marshall Islands,1920,0
Marshall Islands,1930,0
Marshall Islands,1940,0
Marshall Islands,1950,0
Marshall Islands,1960,0
Marshall Islands,1970,0
Marshall Islands,1980,0
Marshall Islands,1990,0
Marshall Islands,2000,0
Marshall Islands,2010,0
Marshall Islands,2020,0
Martinique,1900,3000
Martinique,1910,0
Martinique,1920,0
Martinique,1930,0
Martinique,1940,0
Martinique,1950,0
Martinique,1960,2.5
Martinique,1970,4.5
Martinique,1980,0
Martinique,1990,1
Martinique,2000,0.2
Martinique,2010,0.1
Martinique,2020,0
Mauritania,1900,0
Mauritania,1910,0
Mauritania,1920,0
Mauritania,1930,0
Mauritania,1940,0
Mauritania,1950,0
Mauritania,1960,0
Mauritania,1970,0
Mauritania,1980,0
Mauritania,1990,0.5
Mauritania,2000,4.5
Mauritania,2010,2.9
Mauritania,2020,4.8
Mauritius,1900,0
Mauritius,1910,0
Mauritius,1920,0
Mauritius,1930,0
Mauritius,1940,0
Mauritius,1950,0
Mauritius,1960,4.2
Mauritius,1970,1.6
Mauritius,1980,0.2
Mauritius,1990,0.5
Mauritius,2000,0.5
Mauritius,2010,1.1
Mauritius,2020,0.8
Mexico,1900,0
Mexico,1910,4.5
Mexico,1920,70.8
Mexico,1930,43.4
Mexico,1940,100
Mexico,1950,423.5
Mexico,1960,83.2
Mexico,1970,156.7
Mexico,1980,1086.4
Mexico,1990,312.4
Mexico,2000,74.2
Mexico,2010,125.9
Mexico,2020,64.8
Micronesia (country),1900,0
Micronesia (country),1910,0
Micronesia (country),1920,0
Micronesia (country),1930,0
Micronesia (country),1940,0
Micronesia (country),1950,0
Micronesia (country),1960,0
Micronesia (country),1970,0
Micronesia (country),1980,0.5
Micronesia (country),1990,0
Micronesia (country),2000,4.8
Micronesia (country),2010,0.5
Micronesia (country),2020,0
Moldova,1900,0
Moldova,1910,0
Moldova,1920,0
Moldova,1930,0
Moldova,1940,0
Moldova,1950,0
Moldova,1960,0
Moldova,1970,0
Moldova,1980,0
Moldova,1990,5.9
Moldova,2000,1.9
Moldova,2010,1.1
Moldova,2020,0.8
Mongolia,1900,0
Mongolia,1910,0
Mongolia,1920,0
Mongolia,1930,0
Mongolia,1940,0
Mongolia,1950,120
Mongolia,1960,5.7
Mongolia,1970,0
Mongolia,1980,0
Mongolia,1990,12
Mongolia,2000,13.5
Mongolia,2010,3.4
Mongolia,2020,7.2
Montenegro,1900,0
Montenegro,1910,0
Montenegro,1920,0
Montenegro,1930,0
Montenegro,1940,0
Montenegro,1950,0
Montenegro,1960,0
Montenegro,1970,0
Montenegro,1980,0
Montenegro,1990,0
Montenegro,2000,0
Montenegro,2010,0.1
Montenegro,2020,10
Montserrat,1900,0
Montserrat,1910,0
Montserrat,1920,0
Montserrat,1930,0
Montserrat,1940,0
Montserrat,1950,0
Montserrat,1960,0
Montserrat,1970,0
Montserrat,1980,1.1
Montserrat,1990,3.2
Montserrat,2000,0
Montserrat,2010,0
Montserrat,2020,0
Morocco,1900,10
Morocco,1910,0
Morocco,1920,0
Morocco,1930,0
Morocco,1940,0
Morocco,1950,16.1
Morocco,1960,1343.1
Morocco,1970,3.7
Morocco,1980,3.2
Morocco,1990,89
Morocco,2000,85
Morocco,2010,14.1
Morocco,2020,594
Mozambique,1900,0
Mozambique,1910,0
Mozambique,1920,0
Mozambique,1930,0
Mozambique,1940,0
Mozambique,1950,10.7
Mozambique,1960,0
Mozambique,1970,84.8
Mozambique,1980,10026.9
Mozambique,1990,39.6
Mozambique,2000,114.8
Mozambique,2010,115.3
Mozambique,2020,92
Myanmar,1900,60
Myanmar,1910,0
Myanmar,1920,270.6
Myanmar,1930,158.6
Myanmar,1940,1.5
Myanmar,1950,0
Myanmar,1960,148.2
Myanmar,1970,29.3
Myanmar,1980,1.9
Myanmar,1990,18.6
Myanmar,2000,13885
Myanmar,2010,90.9
Myanmar,2020,75.8
Namibia,1900,0
Namibia,1910,0
Namibia,1920,0
Namibia,1930,0
Namibia,1940,0
Namibia,1950,0
Namibia,1960,0
Namibia,1970,0
Namibia,1980,0
Namibia,1990,0
Namibia,2000,14.8
Namibia,2010,11.6
Namibia,2020,0
Nepal,1900,0
Nepal,1910,0
Nepal,1920,0
Nepal,1930,0
Nepal,1940,0
Nepal,1950,6
Nepal,1960,50.6
Nepal,1970,88.1
Nepal,1980,256.7
Nepal,1990,287.9
Nepal,2000,198.3
Nepal,2010,1085.9
Nepal,2020,217.2
Netherlands,1900,0
Netherlands,1910,0
Netherlands,1920,0
Netherlands,1930,0
Netherlands,1940,0
Netherlands,1950,200
Netherlands,1960,0
Netherlands,1970,0
Netherlands,1980,0
Netherlands,1990,2.4
Netherlands,2000,197.6
Netherlands,2010,40.6
Netherlands,2020,174.8
Netherlands Antilles,1900,0
Netherlands Antilles,1910,0
Netherlands Antilles,1920,0
Netherlands Antilles,1930,0
Netherlands Antilles,1940,0
Netherlands Antilles,1950,0
Netherlands Antilles,1960,0
Netherlands Antilles,1970,0
Netherlands Antilles,1980,1.1
Netherlands Antilles,1990,0.2
Netherlands Antilles,2000,0
Netherlands Antilles,2010,0
Netherlands Antilles,2020,0
New Caledonia,1900,0
New Caledonia,1910,0
New Caledonia,1920,0
New Caledonia,1930,0.3
New Caledonia,1940,0.2
New Caledonia,1950,0.4
New Caledonia,1960,0
New Caledonia,1970,0.3
New Caledonia,1980,0.4
New Caledonia,1990,0
New Caledonia,2000,0.2
New Caledonia,2010,0
New Caledonia,2020,0
New Zealand,1900,0
New Zealand,1910,0
New Zealand,1920,1.7
New Zealand,1930,27.7
New Zealand,1940,0
New Zealand,1950,15
New Zealand,1960,5.3
New Zealand,1970,0
New Zealand,1980,1.3
New Zealand,1990,0.4
New Zealand,2000,0.6
New Zealand,2010,20.9
New Zealand,2020,3.2
Nicaragua,1900,0
Nicaragua,1910,0
Nicaragua,1920,0
Nicaragua,1930,200
Nicaragua,1940,0
Nicaragua,1950,50
Nicaragua,1960,32.5
Nicaragua,1970,1005.1
Nicaragua,1980,20.1
Nicaragua,1990,364.6
Nicaragua,2000,28
Nicaragua,2010,15.4
Nicaragua,2020,5
Niger,1900,0
Niger,1910,8500
Niger,1920,0
Niger,1930,0
Niger,1940,0
Niger,1950,0
Niger,1960,0
Niger,1970,0
Niger,1980,2
Niger,1990,7.4
Niger,2000,3.8
Niger,2010,42.8
Niger,2020,76.2
Nigeria,1900,0
Nigeria,1910,0
Nigeria,1920,0
Nigeria,1930,0
Nigeria,1940,0
Nigeria,1950,0
Nigeria,1960,0
Nigeria,1970,10
Nigeria,1980,13
Nigeria,1990,25.2
Nigeria,2000,62.8
Nigeria,2010,108
Nigeria,2020,215.8
Niue,1900,0
Niue,1910,0
Niue,1920,0
Niue,1930,0
Niue,1940,0
Niue,1950,0
Niue,1960,0
Niue,1970,0
Niue,1980,0
Niue,1990,0
Niue,2000,0.1
Niue,2010,0
Niue,2020,0
North America,1900,5026.9
North America,1910,1010.6
North America,1920,709.5
North America,1930,2120.6
North America,1940,4274.7
North America,1950,994.1
North America,1960,1437.3
North America,1970,4995.1
North America,1980,1895.9
North America,1990,2891.8
North America,2000,1673.6
North America,2010,23043.4
North America,2020,1383
North Korea,1900,0
North Korea,1910,0
North Korea,1920,0
North Korea,1930,0
North Korea,1940,0
North Korea,1950,0
North Korea,1960,0
North Korea,1970,0
North Korea,1980,31.5
North Korea,1990,28.2
North Korea,2000,127.8
North Korea,2010,111.6
North Korea,2020,4.4
North Macedonia,1900,0
North Macedonia,1910,0
North Macedonia,1920,0
North Macedonia,1930,0
North Macedonia,1940,0
North Macedonia,1950,0
North Macedonia,1960,0
North Macedonia,1970,0
North Macedonia,1980,0
North Macedonia,1990,0
North Macedonia,2000,3.4
North Macedonia,2010,3.4
North Macedonia,2020,0.2
Northern Mariana Islands,1900,0
Northern Mariana Islands,1910,0
Northern Mariana Islands,1920,0
Northern Mariana Islands,1930,0
Northern Mariana Islands,1940,0
Northern Mariana Islands,1950,0
Northern Mariana Islands,1960,0
Northern Mariana Islands,1970,0
Northern Mariana Islands,1980,0
Northern Mariana Islands,1990,0
Northern Mariana Islands,2000,0.3
Northern Mariana Islands,2010,0.2
Northern Mariana Islands,2020,0
Norway,1900,0
Norway,1910,0
Norway,1920,0
Norway,1930,7.3
Norway,1940,0
Norway,1950,0
Norway,1960,0
Norway,1970,0
Norway,1980,0
Norway,1990,0.1
Norway,2000,0
Norway,2010,0.5
Norway,2020,8
Oceania,1900,0
Oceania,1910,0
Oceania,1920,1.7
Oceania,1930,110.7
Oceania,1940,5.7
Oceania,1950,654.7
Oceania,1960,110.4
Oceania,1970,68.3
Oceania,1980,66.2
Oceania,1990,291.6
Oceania,2000,128.6
Oceania,2010,92.8
Oceania,2020,46.6
Oman,1900,0
Oman,1910,0
Oman,1920,0
Oman,1930,0
Oman,1940,0
Oman,1950,0
Oman,1960,0
Oman,1970,10.7
Oman,1980,2.6
Oman,1990,0
Oman,2000,11.3
Oman,2010,4.7
Oman,2020,6
Pakistan,1900,23.1
Pakistan,1910,0
Pakistan,1920,0
Pakistan,1930,6000
Pakistan,1940,400
Pakistan,1950,386.2
Pakistan,1960,1048.2
Pakistan,1970,695
Pakistan,1980,105
Pakistan,1990,643.3
Pakistan,2000,7711.7
Pakistan,2010,762.5
Pakistan,2020,626.4
Palau,1900,0
Palau,1910,0
Palau,1920,0
Palau,1930,0
Palau,1940,0
Palau,1950,0
Palau,1960,0
Palau,1970,0
Palau,1980,0
Palau,1990,0
Palau,2000,0
Palau,2010,0
Palau,2020,0
Palestine,1900,0
Palestine,1910,0
Palestine,1920,0
Palestine,1930,0
Palestine,1940,0
Palestine,1950,0
Palestine,1960,0
Palestine,1970,0
Palestine,1980,0
Palestine,1990,0
Palestine,2000,0
Palestine,2010,1
Palestine,2020,1.4
Panama,1900,0
Panama,1910,0
Panama,1920,0
Panama,1930,0
Panama,1940,0
Panama,1950,0
Panama,1960,2.1
Panama,1970,7.4
Panama,1980,3.3
Panama,1990,5.9
Panama,2000,6.8
Panama,2010,4.4
Panama,2020,19
Papua New Guinea,1900,0
Papua New Guinea,1910,0
Papua New Guinea,1920,0
Papua New Guinea,1930,50.6
Papua New Guinea,1940,0
Papua New Guinea,1950,600
Papua New Guinea,1960,0
Papua New Guinea,1970,12.8
Papua New Guinea,1980,14.3
Papua New Guinea,1990,259.1
Papua New Guinea,2000,27.5
Papua New Guinea,2010,28.2
Papua New Guinea,2020,17
Paraguay,1900,0
Paraguay,1910,0
Paraguay,1920,0
Paraguay,1930,0
Paraguay,1940,0
Paraguay,1950,0
Paraguay,1960,0.6
Paraguay,1970,0
Paraguay,1980,7.6
Paraguay,1990,8.9
Paraguay,2000,3.1
Paraguay,2010,7.1
Paraguay,2020,3.2
Peru,1900,0
Peru,1910,18.4
Peru,1920,0
Peru,1930,3.7
Peru,1940,704.2
Peru,1950,25
Peru,1960,253
Peru,1970,6863.4
Peru,1980,209.2
Peru,1990,157.3
Peru,2000,194.4
Peru,2010,195.2
Peru,2020,41.8
Philippines,1900,24
Philippines,1910,143.5
Philippines,1920,1.7
Philippines,1930,128.6
Philippines,1940,140.5
Philippines,1950,321.4
Philippines,1960,241.8
Philippines,1970,1313.7
Philippines,1980,845.2
Philippines,1990,1424.1
Philippines,2000,937.2
Philippines,2010,1378.9
Philippines,2020,331.2
Poland,1900,0
Poland,1910,0
Poland,1920,8.2
Poland,1930,0
Poland,1940,0
Poland,1950,0
Poland,1960,0
Poland,1970,0
Poland,1980,0
Poland,1990,37.1
Poland,2000,108.6
Poland,2010,83.6
Poland,2020,155.4
Portugal,1900,3
Portugal,1910,0
Portugal,1920,0
Portugal,1930,0
Portugal,1940,14.7
Portugal,1950,0
Portugal,1960,48.9
Portugal,1970,3.4
Portugal,1980,14.7
Portugal,1990,7.8
Portugal,2000,324.3
Portugal,2010,17.5
Portugal,2020,443
Puerto Rico,1900,0
Puerto Rico,1910,11.6
Puerto Rico,1920,30
Puerto Rico,1930,22.5
Puerto Rico,1940,0
Puerto Rico,1950,0
Puerto Rico,1960,0
Puerto Rico,1970,8.9
Puerto Rico,1980,62.6
Puerto Rico,1990,3.8
Puerto Rico,2000,0.7
Puerto Rico,2010,6.8
Puerto Rico,2020,6
Qatar,1900,0
Qatar,1910,0
Qatar,1920,0
Qatar,1930,0
Qatar,1940,0
Qatar,1950,0
Qatar,1960,0
Qatar,1970,0
Qatar,1980,0
Qatar,1990,0
Qatar,2000,0
Qatar,2010,0
Qatar,2020,0
Reunion,1900,0
Reunion,1910,0
Reunion,1920,0
Reunion,1930,0
Reunion,1940,16.5
Reunion,1950,0
Reunion,1960,0
Reunion,1970,0
Reunion,1980,5.5
Reunion,1990,1.4
Reunion,2000,0.4
Reunion,2010,0.1
Reunion,2020,0.8
Romania,1900,0
Romania,1910,0
Romania,1920,100.6
Romania,1930,0
Romania,1940,98
Romania,1950,0
Romania,1960,0
Romania,1970,191.6
Romania,1980,0
Romania,1990,31.7
Romania,2000,50.7
Romania,2010,20.9
Romania,2020,492.2
Russia,1900,0
Russia,1910,0
Russia,1920,0
Russia,1930,0
Russia,1940,0
Russia,1950,0
Russia,1960,0
Russia,1970,0
Russia,1980,0
Russia,1990,332.9
Russia,2000,185.5
Russia,2010,5638.6
Russia,2020,14.6
Rwanda,1900,0
Rwanda,1910,0
Rwanda,1920,0
Rwanda,1930,0
Rwanda,1940,0
Rwanda,1950,0
Rwanda,1960,0
Rwanda,1970,0
Rwanda,1980,28.5
Rwanda,1990,0
Rwanda,2000,21.6
Rwanda,2010,26.6
Rwanda,2020,54.2
Saint Barthelemy,1900,0
Saint Barthelemy,1910,0
Saint Barthelemy,1920,0
Saint Barthelemy,1930,0
Saint Barthelemy,1940,0
Saint Barthelemy,1950,0
Saint Barthelemy,1960,0
Saint Barthelemy,1970,0
Saint Barthelemy,1980,0
Saint Barthelemy,1990,0
Saint Barthelemy,2000,0
Saint Barthelemy,2010,0.4
Saint Barthelemy,2020,0
Saint Helena,1900,0
Saint Helena,1910,0
Saint Helena,1920,0
Saint Helena,1930,0
Saint Helena,1940,0
Saint Helena,1950,0
Saint Helena,1960,0
Saint Helena,1970,0
Saint Helena,1980,0
Saint Helena,1990,0
Saint Helena,2000,0
Saint Helena,2010,0
Saint Helena,2020,0
Saint Kitts and Nevis,1900,0
Saint Kitts and Nevis,1910,0
Saint Kitts and Nevis,1920,0
Saint Kitts and Nevis,1930,0
Saint Kitts and Nevis,1940,0
Saint Kitts and Nevis,1950,0
Saint Kitts and Nevis,1960,0
Saint Kitts and Nevis,1970,0
Saint Kitts and Nevis,1980,0.1
Saint Kitts and Nevis,1990,0.5
Saint Kitts and Nevis,2000,0
Saint Kitts and Nevis,2010,0
Saint Kitts and Nevis,2020,0
Saint Lucia,1900,0
Saint Lucia,1910,0
Saint Lucia,1920,0
Saint Lucia,1930,0
Saint Lucia,1940,0
Saint Lucia,1950,0
Saint Lucia,1960,1
Saint Lucia,1970,0
Saint Lucia,1980,0.9
Saint Lucia,1990,0.4
Saint Lucia,2000,0.1
Saint Lucia,2010,2
Saint Lucia,2020,0.2
Saint Martin (French part),1900,0
Saint Martin (French part),1910,0
Saint Martin (French part),1920,0
Saint Martin (French part),1930,0
Saint Martin (French part),1940,0
Saint Martin (French part),1950,0
Saint Martin (French part),1960,0
Saint Martin (French part),1970,0
Saint Martin (French part),1980,0
Saint Martin (French part),1990,0
Saint Martin (French part),2000,0
Saint Martin (French part),2010,1.2
Saint Martin (French part),2020,0
Saint Vincent and the Grenadines,1900,156.5
Saint Vincent and the Grenadines,1910,0
Saint Vincent and the Grenadines,1920,0
Saint Vincent and the Grenadines,1930,0
Saint Vincent and the Grenadines,1940,0
Saint Vincent and the Grenadines,1950,12.2
Saint Vincent and the Grenadines,1960,0.2
Saint Vincent and the Grenadines,1970,0.2
Saint Vincent and the Grenadines,1980,0
Saint Vincent and the Grenadines,1990,0.3
Saint Vincent and the Grenadines,2000,0.4
Saint Vincent and the Grenadines,2010,1.3
Saint Vincent and the Grenadines,2020,0
Samoa,1900,0
Samoa,1910,0
Samoa,1920,0
Samoa,1930,0
Samoa,1940,0
Samoa,1950,0
Samoa,1960,26
Samoa,1970,0
Samoa,1980,0
Samoa,1990,2.1
Samoa,2000,15.8
Samoa,2010,1.2
Samoa,2020,0
Sao Tome and Principe,1900,0
Sao Tome and Principe,1910,0
Sao Tome and Principe,1920,0
Sao Tome and Principe,1930,0
Sao Tome and Principe,1940,0
Sao Tome and Principe,1950,0
Sao Tome and Principe,1960,0
Sao Tome and Principe,1970,0
Sao Tome and Principe,1980,0
Sao Tome and Principe,1990,0
Sao Tome and Principe,2000,0
Sao Tome and Principe,2010,0
Sao Tome and Principe,2020,1.6
Saudi Arabia,1900,0
Saudi Arabia,1910,0
Saudi Arabia,1920,0
Saudi Arabia,1930,0
Saudi Arabia,1940,0
Saudi Arabia,1950,0
Saudi Arabia,1960,2
Saudi Arabia,1970,0
Saudi Arabia,1980,3.2
Saudi Arabia,1990,0
Saudi Arabia,2000,26
Saudi Arabia,2010,16.4
Saudi Arabia,2020,0.6
Senegal,1900,0
Senegal,1910,0
Senegal,1920,0
Senegal,1930,0
Senegal,1940,0
Senegal,1950,0
Senegal,1960,0
Senegal,1970,0
Senegal,1980,0
Senegal,1990,18.7
Senegal,2000,5.3
Senegal,2010,4
Senegal,2020,2.2
Serbia,1900,0
Serbia,1910,0
Serbia,1920,0
Serbia,1930,0
Serbia,1940,0
Serbia,1950,0
Serbia,1960,0
Serbia,1970,0
Serbia,1980,0
Serbia,1990,0
Serbia,2000,0
Serbia,2010,9.6
Serbia,2020,115.4
Serbia and Montenegro,1900,0
Serbia and Montenegro,1910,0
Serbia and Montenegro,1920,0
Serbia and Montenegro,1930,0
Serbia and Montenegro,1940,0
Serbia and Montenegro,1950,0
Serbia and Montenegro,1960,0
Serbia and Montenegro,1970,0
Serbia and Montenegro,1980,0
Serbia and Montenegro,1990,1.2
Serbia and Montenegro,2000,0.9
Serbia and Montenegro,2010,0
Serbia and Montenegro,2020,0
Seychelles,1900,0
Seychelles,1910,0
Seychelles,1920,0
Seychelles,1930,0
Seychelles,1940,0
Seychelles,1950,0
Seychelles,1960,0
Seychelles,1970,0
Seychelles,1980,0
Seychelles,1990,0.5
Seychelles,2000,0.3
Seychelles,2010,0
Seychelles,2020,0
Sierra Leone,1900,0
Sierra Leone,1910,0
Sierra Leone,1920,0
Sierra Leone,1930,0
Sierra Leone,1940,0
Sierra Leone,1950,0
Sierra Leone,1960,0
Sierra Leone,1970,0.1
Sierra Leone,1980,6
Sierra Leone,1990,2.5
Sierra Leone,2000,13.3
Sierra Leone,2010,115.6
Sierra Leone,2020,5.4
Sint Maarten (Dutch part),1900,0
Sint Maarten (Dutch part),1910,0
Sint Maarten (Dutch part),1920,0
Sint Maarten (Dutch part),1930,0
Sint Maarten (Dutch part),1940,0
Sint Maarten (Dutch part),1950,0
Sint Maarten (Dutch part),1960,0
Sint Maarten (Dutch part),1970,0
Sint Maarten (Dutch part),1980,0
Sint Maarten (Dutch part),1990,0
Sint Maarten (Dutch part),2000,0
Sint Maarten (Dutch part),2010,0.4
Sint Maarten (Dutch part),2020,0
Slovakia,1900,0
Slovakia,1910,0
Slovakia,1920,0
Slovakia,1930,0
Slovakia,1940,0
Slovakia,1950,0
Slovakia,1960,0
Slovakia,1970,0
Slovakia,1980,0
Slovakia,1990,5.6
Slovakia,2000,1.3
Slovakia,2010,13.3
Slovakia,2020,73.4
Slovenia,1900,0
Slovenia,1910,0
Slovenia,1920,0
Slovenia,1930,0
Slovenia,1940,0
Slovenia,1950,0
Slovenia,1960,0
Slovenia,1970,0
Slovenia,1980,0
Slovenia,1990,0
Slovenia,2000,29.6
Slovenia,2010,0.4
Slovenia,2020,31.2
Solomon Islands,1900,0
Solomon Islands,1910,0
Solomon Islands,1920,0
Solomon Islands,1930,5
Solomon Islands,1940,0
Solomon Islands,1950,20
Solomon Islands,1960,1.6
Solomon Islands,1970,23.6
Solomon Islands,1980,10.2
Solomon Islands,1990,0.4
Solomon Islands,2000,7.3
Solomon Islands,2010,6.8
Solomon Islands,2020,9.6
Somalia,1900,0
Somalia,1910,0
Somalia,1920,0
Somalia,1930,0
Somalia,1940,0
Somalia,1950,0
Somalia,1960,25
Somalia,1970,1900
Somalia,1980,63.9
Somalia,1990,246.4
Somalia,2000,46.1
Somalia,2010,2030.1
Somalia,2020,46.2
South Africa,1900,0
South Africa,1910,0
South Africa,1920,0
South Africa,1930,0
South Africa,1940,0
South Africa,1950,8.6
South Africa,1960,0.9
South Africa,1970,5.6
South Africa,1980,70.9
South Africa,1990,45.8
South Africa,2000,33.2
South Africa,2010,29.3
South Africa,2020,155
South America,1900,2040
South America,1910,18.4
South America,1920,206
South America,1930,3024.5
South America,1940,2469.7
South America,1950,187.6
South America,1960,1324.5
South America,1970,7296.1
South America,1980,3464.2
South America,1990,3635
South America,2000,567.9
South America,2010,787
South America,2020,520
South Korea,1900,0
South Korea,1910,0
South Korea,1920,0
South Korea,1930,110.4
South Korea,1940,0
South Korea,1950,108.2
South Korea,1960,179.4
South Korea,1970,140.5
South Korea,1980,145.2
South Korea,1990,115.9
South Korea,2000,62.3
South Korea,2010,23.2
South Korea,2020,34
South Sudan,1900,0
South Sudan,1910,0
South Sudan,1920,0
South Sudan,1930,0
South Sudan,1940,0
South Sudan,1950,0
South Sudan,1960,0
South Sudan,1970,0
South Sudan,1980,0
South Sudan,1990,0
South Sudan,2000,1.7
South Sudan,2010,19.9
South Sudan,2020,1.4
Spain,1900,0
Spain,1910,0
Spain,1920,0
Spain,1930,0
Spain,1940,2
Spain,1950,16.4
Spain,1960,44.5
Spain,1970,94.1
Spain,1980,23.8
Spain,1990,19.8
Spain,2000,1530.4
Spain,2010,10.1
Spain,2020,2271.4
Sri Lanka,1900,0
Sri Lanka,1910,0
Sri Lanka,1920,0
Sri Lanka,1930,0
Sri Lanka,1940,0
Sri Lanka,1950,20
Sri Lanka,1960,31.5
Sri Lanka,1970,80.4
Sri Lanka,1980,48.3
Sri Lanka,1990,17
Sri Lanka,2000,3577.6
Sri Lanka,2010,123.4
Sri Lanka,2020,14.2
Sudan,1900,0
Sudan,1910,0
Sudan,1920,0
Sudan,1930,0
Sudan,1940,0
Sudan,1950,0
Sudan,1960,0
Sudan,1970,3.4
Sudan,1980,15009.6
Sudan,1990,38
Sudan,2000,25.8
Sudan,2010,56.2
Sudan,2020,70.6
Suriname,1900,0
Suriname,1910,0
Suriname,1920,0
Suriname,1930,0
Suriname,1940,0
Suriname,1950,0
Suriname,1960,0
Suriname,1970,0
Suriname,1980,0
Suriname,1990,0
Suriname,2000,0.5
Suriname,2010,0
Suriname,2020,0
Sweden,1900,0
Sweden,1910,0
Sweden,1920,0
Sweden,1930,0
Sweden,1940,0
Sweden,1950,0
Sweden,1960,0
Sweden,1970,1.3
Sweden,1980,1.1
Sweden,1990,0.3
Sweden,2000,0.8
Sweden,2010,0.7
Sweden,2020,8.2
Switzerland,1900,0
Switzerland,1910,0
Switzerland,1920,0
Switzerland,1930,0
Switzerland,1940,0
Switzerland,1950,9.2
Switzerland,1960,11
Switzerland,1970,4.3
Switzerland,1980,0.1
Switzerland,1990,5.2
Switzerland,2000,106.8
Switzerland,2010,2.5
Switzerland,2020,65.8
Syria,1900,0
Syria,1910,0
Syria,1920,0
Syria,1930,0
Syria,1940,0
Syria,1950,0
Syria,1960,0
Syria,1970,0
Syria,1980,0
Syria,1990,0
Syria,2000,11.8
Syria,2010,1.5
Syria,2020,1181.2
Taiwan,1900,143
Taiwan,1910,129.5
Taiwan,1920,100.5
Taiwan,1930,603.6
Taiwan,1940,37.7
Taiwan,1950,134.5
Taiwan,1960,96.3
Taiwan,1970,10.6
Taiwan,1980,30.5
Taiwan,1990,249.1
Taiwan,2000,113.5
Taiwan,2010,38.4
Taiwan,2020,16.8
Tajikistan,1900,0
Tajikistan,1910,0
Tajikistan,1920,0
Tajikistan,1930,0
Tajikistan,1940,0
Tajikistan,1950,0
Tajikistan,1960,0
Tajikistan,1970,0
Tajikistan,1980,0
Tajikistan,1990,173.5
Tajikistan,2000,16.2
Tajikistan,2010,13.7
Tajikistan,2020,9.4
Tanzania,1900,0
Tanzania,1910,0
Tanzania,1920,0
Tanzania,1930,0
Tanzania,1940,0
Tanzania,1950,0
Tanzania,1960,4.4
Tanzania,1970,2.5
Tanzania,1980,1
Tanzania,1990,42.5
Tanzania,2000,17.9
Tanzania,2010,25
Tanzania,2020,43.2
Thailand,1900,0
Thailand,1910,0
Thailand,1920,0
Thailand,1930,0
Thailand,1940,0
Thailand,1950,0
Thailand,1960,77.5
Thailand,1970,38.5
Thailand,1980,138.5
Thailand,1990,86.4
Thailand,2000,934.5
Thailand,2010,154.5
Thailand,2020,17.4
Togo,1900,0
Togo,1910,0
Togo,1920,0
Togo,1930,0
Togo,1940,0
Togo,1950,0
Togo,1960,0
Togo,1970,0
Togo,1980,0
Togo,1990,0.3
Togo,2000,4.7
Togo,2010,2.2
Togo,2020,2.2
Tokelau,1900,0
Tokelau,1910,0
Tokelau,1920,0
Tokelau,1930,0
Tokelau,1940,0
Tokelau,1950,0
Tokelau,1960,0
Tokelau,1970,0
Tokelau,1980,0
Tokelau,1990,0
Tokelau,2000,0
Tokelau,2010,0
Tokelau,2020,0
Tonga,1900,0
Tonga,1910,0
Tonga,1920,0
Tonga,1930,0
Tonga,1940,0
Tonga,1950,0
Tonga,1960,0.2
Tonga,1970,0.4
Tonga,1980,0.7
Tonga,1990,0.1
Tonga,2000,0.9
Tonga,2010,0.1
Tonga,2020,0.8
Trinidad and Tobago,1900,0
Trinidad and Tobago,1910,0
Trinidad and Tobago,1920,0
Trinidad and Tobago,1930,1.3
Trinidad and Tobago,1940,0
Trinidad and Tobago,1950,0
Trinidad and Tobago,1960,2.4
Trinidad and Tobago,1970,0.2
Trinidad and Tobago,1980,0
Trinidad and Tobago,1990,0.5
Trinidad and Tobago,2000,0.3
Trinidad and Tobago,2010,0
Trinidad and Tobago,2020,0
Tunisia,1900,0
Tunisia,1910,0
Tunisia,1920,0
Tunisia,1930,0
Tunisia,1940,0
Tunisia,1950,1.3
Tunisia,1960,62.9
Tunisia,1970,11.1
Tunisia,1980,14
Tunisia,1990,3.7
Tunisia,2000,4.5
Tunisia,2010,1.3
Tunisia,2020,2
Turkey,1900,640
Turkey,1910,492.3
Turkey,1920,36.3
Turkey,1930,3384.4
Turkey,1940,1478.2
Turkey,1950,181.8
Turkey,1960,295.7
Turkey,1970,841.2
Turkey,1980,161.2
Turkey,1990,1964.3
Turkey,2000,60.8
Turkey,2010,79.9
Turkey,2020,10234
Turkmenistan,1900,0
Turkmenistan,1910,0
Turkmenistan,1920,0
Turkmenistan,1930,0
Turkmenistan,1940,0
Turkmenistan,1950,0
Turkmenistan,1960,0
Turkmenistan,1970,0
Turkmenistan,1980,0
Turkmenistan,1990,0
Turkmenistan,2000,1.1
Turkmenistan,2010,0
Turkmenistan,2020,0
Turks and Caicos Islands,1900,0
Turks and Caicos Islands,1910,0
Turks and Caicos Islands,1920,0
Turks and Caicos Islands,1930,0
Turks and Caicos Islands,1940,0
Turks and Caicos Islands,1950,0
Turks and Caicos Islands,1960,0
Turks and Caicos Islands,1970,0
Turks and Caicos Islands,1980,0
Turks and Caicos Islands,1990,0
Turks and Caicos Islands,2000,0.4
Turks and Caicos Islands,2010,0
Turks and Caicos Islands,2020,0
Tuvalu,1900,0
Tuvalu,1910,0
Tuvalu,1920,0
Tuvalu,1930,0
Tuvalu,1940,0
Tuvalu,1950,0
Tuvalu,1960,0
Tuvalu,1970,0.6
Tuvalu,1980,0
Tuvalu,1990,0
Tuvalu,2000,0
Tuvalu,2010,0
Tuvalu,2020,0
USSR,1900,464.8
USSR,1910,9
USSR,1920,120002.3
USSR,1930,15.1
USSR,1940,12590
USSR,1950,0
USSR,1960,15.5
USSR,1970,1.3
USSR,1980,2600.9
USSR,1990,43.4
USSR,2000,0
USSR,2010,0
USSR,2020,0
Uganda,1900,0
Uganda,1910,0
Uganda,1920,0
Uganda,1930,0
Uganda,1940,0
Uganda,1950,0
Uganda,1960,10.4
Uganda,1970,0
Uganda,1980,0
Uganda,1990,14.6
Uganda,2000,31.4
Uganda,2010,77.1
Uganda,2020,520.8
Ukraine,1900,0
Ukraine,1910,0
Ukraine,1920,0
Ukraine,1930,0
Ukraine,1940,0
Ukraine,1950,0
Ukraine,1960,0
Ukraine,1970,0
Ukraine,1980,0
Ukraine,1990,3.8
Ukraine,2000,89.2
Ukraine,2010,28
Ukraine,2020,6.4
United Arab Emirates,1900,0
United Arab Emirates,1910,0
United Arab Emirates,1920,0
United Arab Emirates,1930,0
United Arab Emirates,1940,0
United Arab Emirates,1950,0
United Arab Emirates,1960,0
United Arab Emirates,1970,0
United Arab Emirates,1980,0
United Arab Emirates,1990,0
United Arab Emirates,2000,0
United Arab Emirates,2010,0
United Arab Emirates,2020,0
United Kingdom,1900,0
United Kingdom,1910,0
United Kingdom,1920,0
United Kingdom,1930,0
United Kingdom,1940,0
United Kingdom,1950,403.4
United Kingdom,1960,16
United Kingdom,1970,0.6
United Kingdom,1980,7.2
United Kingdom,1990,22.2
United Kingdom,2000,38.6
United Kingdom,2010,95.6
United Kingdom,2020,1206.8
United States,1900,780.9
United States,1910,282.7
United States,1920,341.3
United States,1930,372.1
United States,1940,146.4
United States,1950,289.5
United States,1960,361
United States,1970,254.3
United States,1980,381.1
United States,1990,349.2
United States,2000,408.7
United States,2010,305.7
United States,2020,436
United States Virgin Islands,1900,0
United States Virgin Islands,1910,0
United States Virgin Islands,1920,0
United States Virgin Islands,1930,0
United States Virgin Islands,1940,0
United States Virgin Islands,1950,0
United States Virgin Islands,1960,0
United States Virgin Islands,1970,0
United States Virgin Islands,1980,0
United States Virgin Islands,1990,1
United States Virgin Islands,2000,0
United States Virgin Islands,2010,0.7
United States Virgin Islands,2020,0
Upper-middle-income countries,1900,3855.2
Upper-middle-income countries,1910,19406.1
Upper-middle-income countries,1920,503983.4
Upper-middle-income countries,1930,443284.1
Upper-middle-income countries,1940,26727.5
Upper-middle-income countries,1950,53849.7
Upper-middle-income countries,1960,154774.4
Upper-middle-income countries,1970,40684.7
Upper-middle-income countries,1980,10174.4
Upper-middle-income countries,1990,9930.8
Upper-middle-income countries,2000,30043.4
Upper-middle-income countries,2010,9239.5
Upper-middle-income countries,2020,14550.6
Uruguay,1900,0
Uruguay,1910,0
Uruguay,1920,0
Uruguay,1930,0
Uruguay,1940,0
Uruguay,1950,0
Uruguay,1960,0.8
Uruguay,1970,0
Uruguay,1980,0
Uruguay,1990,0.3
Uruguay,2000,1.9
Uruguay,2010,1.4
Uruguay,2020,0.4
Uzbekistan,1900,0
Uzbekistan,1910,0
Uzbekistan,1920,0
Uzbekistan,1930,0
Uzbekistan,1940,0
Uzbekistan,1950,0
Uzbekistan,1960,0
Uzbekistan,1970,0
Uzbekistan,1980,0
Uzbekistan,1990,3.4
Uzbekistan,2000,0
Uzbekistan,2010,1.3
Uzbekistan,2020,3.4
Vanuatu,1900,0
Vanuatu,1910,0
Vanuatu,1920,0
Vanuatu,1930,0
Vanuatu,1940,0
Vanuatu,1950,10
Vanuatu,1960,0
Vanuatu,1970,0.4
Vanuatu,1980,5.8
Vanuatu,1990,5
Vanuatu,2000,0.4
Vanuatu,2010,2.3
Vanuatu,2020,0.6
Venezuela,1900,0
Venezuela,1910,0
Venezuela,1920,0
Venezuela,1930,0
Venezuela,1940,0
Venezuela,1950,10
Venezuela,1960,27
Venezuela,1970,0
Venezuela,1980,27.4
Venezuela,1990,3023.2
Venezuela,2000,16.5
Venezuela,2010,7.4
Venezuela,2020,40.6
Vietnam,1900,0
Vietnam,1910,0
Vietnam,1920,0
Vietnam,1930,0
Vietnam,1940,0
Vietnam,1950,105.6
Vietnam,1960,743.1
Vietnam,1970,52.3
Vietnam,1980,412.4
Vietnam,1990,777.8
Vietnam,2000,342.8
Vietnam,2010,137.5
Vietnam,2020,87
Wallis and Futuna,1900,0
Wallis and Futuna,1910,0
Wallis and Futuna,1920,0
Wallis and Futuna,1930,0
Wallis and Futuna,1940,0
Wallis and Futuna,1950,0
Wallis and Futuna,1960,0
Wallis and Futuna,1970,0
Wallis and Futuna,1980,0.1
Wallis and Futuna,1990,0.5
Wallis and Futuna,2000,0
Wallis and Futuna,2010,0
Wallis and Futuna,2020,0
West Germany,1900,0
West Germany,1910,0
West Germany,1920,0
West Germany,1930,0
West Germany,1940,0
West Germany,1950,0
West Germany,1960,34.9
West Germany,1970,13.8
West Germany,1980,0.9
West Germany,1990,0.5
West Germany,2000,0
West Germany,2010,0
West Germany,2020,0
World,1900,147240.7
World,1910,32430.4
World,1920,523891.8
World,1930,462795.2
World,1940,386712.1
World,1950,61040.2
World,1960,325894.1
World,1970,98859.5
World,1980,75202.8
World,1990,43327.3
World,2000,78112.5
World,2010,45311.1
World,2020,38058.8
Yemen,1900,0
Yemen,1910,0
Yemen,1920,0
Yemen,1930,0
Yemen,1940,0
Yemen,1950,0
Yemen,1960,0
Yemen,1970,0
Yemen,1980,0
Yemen,1990,45.6
Yemen,2000,44.8
Yemen,2010,25.3
Yemen,2020,118.6
Yemen Arab Republic,1900,0
Yemen Arab Republic,1910,0
Yemen Arab Republic,1920,0
Yemen Arab Republic,1930,0
Yemen Arab Republic,1940,120
Yemen Arab Republic,1950,0
Yemen Arab Republic,1960,0
Yemen Arab Republic,1970,11.2
Yemen Arab Republic,1980,154.5
Yemen Arab Republic,1990,0
Yemen Arab Republic,2000,0
Yemen Arab Republic,2010,0
Yemen Arab Republic,2020,0
Yemen People's Republic,1900,0
Yemen People's Republic,1910,0
Yemen People's Republic,1920,0
Yemen People's Republic,1930,0
Yemen People's Republic,1940,0
Yemen People's Republic,1950,0
Yemen People's Republic,1960,0
Yemen People's Republic,1970,0
Yemen People's Republic,1980,50.7
Yemen People's Republic,1990,0
Yemen People's Republic,2000,0
Yemen People's Republic,2010,0
Yemen People's Republic,2020,0
Yugoslavia,1900,0
Yugoslavia,1910,0
Yugoslavia,1920,0
Yugoslavia,1930,0
Yugoslavia,1940,1.9
Yugoslavia,1950,0
Yugoslavia,1960,109.6
Yugoslavia,1970,14.3
Yugoslavia,1980,12
Yugoslavia,1990,0
Yugoslavia,2000,0
Yugoslavia,2010,0
Yugoslavia,2020,0
Zambia,1900,0
Zambia,1910,0
Zambia,1920,0
Zambia,1930,0
Zambia,1940,0
Zambia,1950,0
Zambia,1960,0
Zambia,1970,1.1
Zambia,1980,0
Zambia,1990,0
Zambia,2000,6
Zambia,2010,1.3
Zambia,2020,1.2
Zimbabwe,1900,0
Zimbabwe,1910,0
Zimbabwe,1920,0
Zimbabwe,1930,0
Zimbabwe,1940,0
Zimbabwe,1950,0
Zimbabwe,1960,0
Zimbabwe,1970,1.1
Zimbabwe,1980,0
Zimbabwe,1990,3.6
Zimbabwe,2000,12
Zimbabwe,2010,108.5
Zimbabwe,2020,1