Country name,Year,Number of people affected by disasters
Afghanistan,1900,0
Afghanistan,1910,0
Afghanistan,1920,0
Afghanistan,1930,0
Afghanistan,1940,0
Afghanistan,1950,0
Afghanistan,1960,4800
Afghanistan,1970,68404.4
Afghanistan,1980,25344
Afghanistan,1990,43624
Afghanistan,2000,567969.4
Afghanistan,2010,1567114.9
Afghanistan,2020,2454615.5
Africa,1900,0
Africa,1910,3200
Africa,1920,0
Africa,1930,0
Africa,1940,0
Africa,1950,0
Africa,1960,632785.9
Africa,1970,2714335
Africa,1980,8771684
Africa,1990,7705253
Africa,2000,16917454
Africa,2010,17634006
Africa,2020,41353016
Albania,1900,0
Albania,1910,0
Albania,1920,0
Albania,1930,294
Albania,1940,0
Albania,1950,0
Albania,1960,0
Albania,1970,0
Albania,1980,107310.1
Albania,1990,218193.4
Albania,2000,59757.2
Albania,2010,52346.2
Albania,2020,16.8
Algeria,1900,0
Algeria,1910,0
Algeria,1920,0
Algeria,1930,0
Algeria,1940,0
Algeria,1950,0
Algeria,1960,33240
Algeria,1970,13500
Algeria,1980,51270
Algeria,1990,1595
Algeria,2000,19546
Algeria,2010,28595
Algeria,2020,19874
American Samoa,1900,0
American Samoa,1910,0
American Samoa,1920,0
American Samoa,1930,0
American Samoa,1940,0
American Samoa,1950,0
American Samoa,1960,0
American Samoa,1970,0
American Samoa,1980,0
American Samoa,1990,0
American Samoa,2000,2250
American Samoa,2010,0
American Samoa,2020,0
Angola,1900,0
Angola,1910,0
Angola,1920,0
Angola,1930,0
Angola,1940,0
Angola,1950,0
Angola,1960,0
Angola,1970,0
Angola,1980,115467.4
Angola,1990,153032.6
Angola,2000,80832.8
Angola,2010,350523.3
Angola,2020,348933.2
Anguilla,1900,0
Anguilla,1910,0
Anguilla,1920,0
Anguilla,1930,0
Anguilla,1940,0
Anguilla,1950,0
Anguilla,1960,0
Anguilla,1970,0
Anguilla,1980,0
Anguilla,1990,15
Anguilla,2000,0
Anguilla,2010,1500
Anguilla,2020,0
Antigua and Barbuda,1900,0
Antigua and Barbuda,1910,0
Antigua and Barbuda,1920,0
Antigua and Barbuda,1930,0
Antigua and Barbuda,1940,0
Antigua and Barbuda,1950,0
Antigua and Barbuda,1960,0
Antigua and Barbuda,1970,0
Antigua and Barbuda,1980,8250
Antigua and Barbuda,1990,450
Antigua and Barbuda,2000,2580
Antigua and Barbuda,2010,680
Antigua and Barbuda,2020,0
Argentina,1900,0
Argentina,1910,0
Argentina,1920,0
Argentina,1930,0
Argentina,1940,12000
Argentina,1950,0
Argentina,1960,26200
Argentina,1970,12410
Argentina,1980,1203700
Argentina,1990,47800
Argentina,2000,72062.8
Argentina,2010,77552.5
Argentina,2020,199773.8
Armenia,1900,0
Armenia,1910,0
Armenia,1920,0
Armenia,1930,0
Armenia,1940,0
Armenia,1950,0
Armenia,1960,0
Armenia,1970,0
Armenia,1980,0
Armenia,1990,2200
Armenia,2000,29700
Armenia,2010,9835
Armenia,2020,4167.2
Asia,1900,7017.7
Asia,1910,363500
Asia,1920,2116946.2
Asia,1930,1061592
Asia,1940,253887.1
Asia,1950,1809675.9
Asia,1960,16596977
Asia,1970,45724496
Asia,1980,106191600
Asia,1990,173137730
Asia,2000,200965470
Asia,2010,141221330
Asia,2020,52719924
Australia,1900,0
Australia,1910,0
Australia,1920,0
Australia,1930,0
Australia,1940,0
Australia,1950,0
Australia,1960,787.4
Australia,1970,6610
Australia,1980,8200
Australia,1990,1563688.5
Australia,2000,8777.9
Australia,2010,33681.4
Australia,2020,56068.8
Austria,1900,0
Austria,1910,0
Austria,1920,0
Austria,1930,0
Austria,1940,0
Austria,1950,38
Austria,1960,0
Austria,1970,0
Austria,1980,0
Austria,1990,1000
Austria,2000,6171.6
Austria,2010,41
Austria,2020,0
Azerbaijan,1900,0
Azerbaijan,1910,0
Azerbaijan,1920,0
Azerbaijan,1930,0
Azerbaijan,1940,0
Azerbaijan,1950,0
Azerbaijan,1960,0
Azerbaijan,1970,0
Azerbaijan,1980,0
Azerbaijan,1990,227855
Azerbaijan,2000,3769.4
Azerbaijan,2010,8550
Azerbaijan,2020,0
Bahamas,1900,0
Bahamas,1910,0
Bahamas,1920,0
Bahamas,1930,0
Bahamas,1940,0
Bahamas,1950,0
Bahamas,1960,120
Bahamas,1970,0
Bahamas,1980,0
Bahamas,1990,0
Bahamas,2000,2050
Bahamas,2010,3265
Bahamas,2020,0
Bangladesh,1900,0
Bangladesh,1910,0
Bangladesh,1920,0
Bangladesh,1930,0
Bangladesh,1940,0
Bangladesh,1950,0
Bangladesh,1960,2934678.5
Bangladesh,1970,5431376
Bangladesh,1980,16244186
Bangladesh,1990,7891074
Bangladesh,2000,7187066
Bangladesh,2010,3930401
Bangladesh,2020,4213403
Barbados,1900,0
Barbados,1910,0
Barbados,1920,0
Barbados,1930,0
Barbados,1940,0
Barbados,1950,0
Barbados,1960,0
Barbados,1970,20
Barbados,1980,0
Barbados,1990,0
Barbados,2000,0
Barbados,2010,250
Barbados,2020,658.6
Belarus,1900,0
Belarus,1910,0
Belarus,1920,0
Belarus,1930,0
Belarus,1940,0
Belarus,1950,0
Belarus,1960,0
Belarus,1970,0
Belarus,1980,0
Belarus,1990,6304.5
Belarus,2000,0
Belarus,2010,14010
Belarus,2020,84
Belgium,1900,0
Belgium,1910,0
Belgium,1920,600
Belgium,1930,0
Belgium,1940,0
Belgium,1950,35
Belgium,1960,0
Belgium,1970,60
Belgium,1980,100
Belgium,1990,257.5
Belgium,2000,261
Belgium,2010,69
Belgium,2020,990
Belize,1900,0
Belize,1910,0
Belize,1920,0
Belize,1930,0
Belize,1940,0
Belize,1950,0
Belize,1960,0
Belize,1970,9300
Belize,1980,0
Belize,1990,6260
Belize,2000,15000
Belize,2010,3035.5
Belize,2020,46400
Benin,1900,0
Benin,1910,0
Benin,1920,0
Benin,1930,0
Benin,1940,0
Benin,1950,0
Benin,1960,0
Benin,1970,11900
Benin,1980,301300
Benin,1990,77490.1
Benin,2000,28869.2
Benin,2010,77357.5
Benin,2020,23170
Bermuda,1900,0
Bermuda,1910,0
Bermuda,1920,0
Bermuda,1930,0
Bermuda,1940,0
Bermuda,1950,0
Bermuda,1960,0
Bermuda,1970,0
Bermuda,1980,0
Bermuda,1990,0
Bermuda,2000,0
Bermuda,2010,0
Bermuda,2020,0
Bhutan,1900,0
Bhutan,1910,0
Bhutan,1920,0
Bhutan,1930,0
Bhutan,1940,0
Bhutan,1950,0
Bhutan,1960,0
Bhutan,1970,0
Bhutan,1980,0
Bhutan,1990,6560
Bhutan,2000,0
Bhutan,2010,2000
Bhutan,2020,100
Bolivia,1900,0
Bolivia,1910,0
Bolivia,1920,0
Bolivia,1930,0
Bolivia,1940,0
Bolivia,1950,0
Bolivia,1960,2660
Bolivia,1970,25100
Bolivia,1980,346104.9
Bolivia,1990,70376
Bolivia,2000,158100.2
Bolivia,2010,270486
Bolivia,2020,601141.2
Bosnia and Herzegovina,1900,0
Bosnia and Herzegovina,1910,0
Bosnia and Herzegovina,1920,0
Bosnia and Herzegovina,1930,0
Bosnia and Herzegovina,1940,0
Bosnia and Herzegovina,1950,0
Bosnia and Herzegovina,1960,0
Bosnia and Herzegovina,1970,0
Bosnia and Herzegovina,1980,0
Bosnia and Herzegovina,1990,100
Bosnia and Herzegovina,2000,36680.5
Bosnia and Herzegovina,2010,104661.6
Bosnia and Herzegovina,2020,55810
Botswana,1900,0
Botswana,1910,0
Botswana,1920,0
Botswana,1930,0
Botswana,1940,0
Botswana,1950,0
Botswana,1960,12000
Botswana,1970,8860
Botswana,1980,104930
Botswana,1990,10350
Botswana,2000,11679.2
Botswana,2010,4968.5
Botswana,2020,0
Brazil,1900,0
Brazil,1910,0
Brazil,1920,0
Brazil,1930,0
Brazil,1940,0
Brazil,1950,0
Brazil,1960,471791.7
Brazil,1970,1777037.1
Brazil,1980,2927753.5
Brazil,1990,1022212.3
Brazil,2000,616306.3
Brazil,2010,4405116.5
Brazil,2020,636790.2
British Virgin Islands,1900,0
British Virgin Islands,1910,0
British Virgin Islands,1920,0
British Virgin Islands,1930,0
British Virgin Islands,1940,0
British Virgin Islands,1950,0
British Virgin Islands,1960,0
British Virgin Islands,1970,0
British Virgin Islands,1980,0
British Virgin Islands,1990,0
British Virgin Islands,2000,0
British Virgin Islands,2010,0
British Virgin Islands,2020,0
Brunei,1900,0
Brunei,1910,0
Brunei,1920,0
Brunei,1930,0
Brunei,1940,0
Brunei,1950,0
Brunei,1960,0
Brunei,1970,0
Brunei,1980,0
Brunei,1990,0
Brunei,2000,0
Brunei,2010,0
Brunei,2020,0
Bulgaria,1900,0
Bulgaria,1910,0
Bulgaria,1920,0
Bulgaria,1930,0
Bulgaria,1940,0
Bulgaria,1950,0
Bulgaria,1960,0
Bulgaria,1970,0
Bulgaria,1980,0
Bulgaria,1990,550
Bulgaria,2000,1378.5
Bulgaria,2010,4602.7
Bulgaria,2020,3092.4
Burkina Faso,1900,0
Burkina Faso,1910,0
Burkina Faso,1920,0
Burkina Faso,1930,0
Burkina Faso,1940,0
Burkina Faso,1950,0
Burkina Faso,1960,10872.8
Burkina Faso,1970,130827.2
Burkina Faso,1980,147482.4
Burkina Faso,1990,276359
Burkina Faso,2000,25964
Burkina Faso,2010,705232.4
Burkina Faso,2020,1301553.8
Burundi,1900,0
Burundi,1910,0
Burundi,1920,0
Burundi,1930,0
Burundi,1940,0
Burundi,1950,0
Burundi,1960,0
Burundi,1970,0
Burundi,1980,360
Burundi,1990,10347
Burundi,2000,290080.5
Burundi,2010,18648.5
Burundi,2020,19858.6
Cambodia,1900,0
Cambodia,1910,0
Cambodia,1920,0
Cambodia,1930,0
Cambodia,1940,0
Cambodia,1950,0
Cambodia,1960,0
Cambodia,1970,0
Cambodia,1980,0
Cambodia,1990,761357.4
Cambodia,2000,837218.2
Cambodia,2010,665311.7
Cambodia,2020,190991
Cameroon,1900,0
Cameroon,1910,0
Cameroon,1920,0
Cameroon,1930,0
Cameroon,1940,0
Cameroon,1950,0
Cameroon,1960,0
Cameroon,1970,40000
Cameroon,1980,1100
Cameroon,1990,18940
Cameroon,2000,2450
Cameroon,2010,32569.5
Cameroon,2020,514125.8
Canada,1900,0
Canada,1910,0
Canada,1920,0
Canada,1930,2247.3
Canada,1940,252.7
Canada,1950,10700
Canada,1960,0
Canada,1970,0
Canada,1980,6910
Canada,1990,6580
Canada,2000,1837
Canada,2010,30165.4
Canada,2020,25187.2
Cape Verde,1900,0
Cape Verde,1910,0
Cape Verde,1920,0
Cape Verde,1930,0
Cape Verde,1940,0
Cape Verde,1950,0
Cape Verde,1960,0
Cape Verde,1970,0
Cape Verde,1980,760
Cape Verde,1990,1130
Cape Verde,2000,3015
Cape Verde,2010,7250
Cape Verde,2020,14218.6
Cayman Islands,1900,0
Cayman Islands,1910,0
Cayman Islands,1920,0
Cayman Islands,1930,0
Cayman Islands,1940,0
Cayman Islands,1950,0
Cayman Islands,1960,0
Cayman Islands,1970,0
Cayman Islands,1980,0
Cayman Islands,1990,0
Cayman Islands,2000,30
Cayman Islands,2010,0
Cayman Islands,2020,0
Central African Republic,1900,0
Central African Republic,1910,0
Central African Republic,1920,0
Central African Republic,1930,0
Central African Republic,1940,0
Central African Republic,1950,0
Central African Republic,1960,0
Central African Republic,1970,1300
Central African Republic,1980,90
Central African Republic,1990,3804.2
Central African Republic,2000,1513.7
Central African Republic,2010,10127
Central African Republic,2020,475942
Chad,1900,0
Chad,1910,0
Chad,1920,0
Chad,1930,0
Chad,1940,0
Chad,1950,0
Chad,1960,2450.4
Chad,1970,87549.6
Chad,1980,154865
Chad,1990,82484.9
Chad,2000,147005.5
Chad,2010,633926.1
Chad,2020,703829.4
Chile,1900,0
Chile,1910,0
Chile,1920,0
Chile,1930,0
Chile,1940,0
Chile,1950,0
Chile,1960,241351.2
Chile,1970,256601
Chile,1980,139562.8
Chile,1990,25139.3
Chile,2000,72914.5
Chile,2010,332112.9
Chile,2020,19733.4
China,1900,1000
China,1910,363500
China,1920,2000000
China,1930,1003000
China,1940,0
China,1950,1000000
China,1960,0
China,1970,1700806.5
China,1980,23361910
China,1990,120014664
China,2000,113872660
China,2010,58208696
China,2020,8277516
Colombia,1900,0
Colombia,1910,0
Colombia,1920,0
Colombia,1930,0
Colombia,1940,0
Colombia,1950,0
Colombia,1960,11102
Colombia,1970,512200
Colombia,1980,57140
Colombia,1990,128451.3
Colombia,2000,551964.3
Colombia,2010,483453.6
Colombia,2020,149577.2
Comoros,1900,0
Comoros,1910,0
Comoros,1920,0
Comoros,1930,0
Comoros,1940,0
Comoros,1950,0
Comoros,1960,0
Comoros,1970,2000
Comoros,1980,6500
Comoros,1990,0
Comoros,2000,28650
Comoros,2010,42962.9
Comoros,2020,0
Congo,1900,0
Congo,1910,0
Congo,1920,0
Congo,1930,0
Congo,1940,0
Congo,1950,0
Congo,1960,50
Congo,1970,0
Congo,1980,0
Congo,1990,7650
Congo,2000,2500
Congo,2010,5614.7
Congo,2020,87241.8
Cook Islands,1900,0
Cook Islands,1910,0
Cook Islands,1920,0
Cook Islands,1930,0
Cook Islands,1940,0
Cook Islands,1950,0
Cook Islands,1960,0
Cook Islands,1970,0
Cook Islands,1980,200
Cook Islands,1990,70
Cook Islands,2000,134.4
Cook Islands,2010,219.4
Cook Islands,2020,0
Costa Rica,1900,0
Costa Rica,1910,0
Costa Rica,1920,0
Costa Rica,1930,0
Costa Rica,1940,0
Costa Rica,1950,0
Costa Rica,1960,2197.1
Costa Rica,1970,8876.3
Costa Rica,1980,13682.5
Costa Rica,1990,97025.4
Costa Rica,2000,46910.5
Costa Rica,2010,27466.7
Costa Rica,2020,105000
Cote d'Ivoire,1900,0
Cote d'Ivoire,1910,0
Cote d'Ivoire,1920,0
Cote d'Ivoire,1930,0
Cote d'Ivoire,1940,0
Cote d'Ivoire,1950,0
Cote d'Ivoire,1960,0
Cote d'Ivoire,1970,0
Cote d'Ivoire,1980,700
Cote d'Ivoire,1990,0
Cote d'Ivoire,2000,245
Cote d'Ivoire,2010,4562.7
Cote d'Ivoire,2020,5600.6
Croatia,1900,0
Croatia,1910,0
Croatia,1920,0
Croatia,1930,0
Croatia,1940,0
Croatia,1950,0
Croatia,1960,0
Croatia,1970,0
Croatia,1980,0
Croatia,1990,0
Croatia,2000,205
Croatia,2010,1693.6
Croatia,2020,43109.6
Cuba,1900,0
Cuba,1910,0
Cuba,1920,0
Cuba,1930,0
Cuba,1940,0
Cuba,1950,0
Cuba,1960,15600
Cuba,1970,1810
Cuba,1980,90692.7
Cuba,1990,236024.2
Cuba,2000,979768.3
Cuba,2010,1039912.7
Cuba,2020,646382
Cyprus,1900,0
Cyprus,1910,0
Cyprus,1920,0
Cyprus,1930,0
Cyprus,1940,0
Cyprus,1950,0
Cyprus,1960,300
Cyprus,1970,0
Cyprus,1980,0
Cyprus,1990,171
Cyprus,2000,0
Cyprus,2010,0
Cyprus,2020,123.6
Czechia,1900,0
Czechia,1910,0
Czechia,1920,0
Czechia,1930,0
Czechia,1940,0
Czechia,1950,0
Czechia,1960,0
Czechia,1970,0
Czechia,1980,0
Czechia,1990,8778.5
Czechia,2000,21876.5
Czechia,2010,130140
Czechia,2020,720
Czechoslovakia,1900,0
Czechoslovakia,1910,0
Czechoslovakia,1920,0
Czechoslovakia,1930,0
Czechoslovakia,1940,0
Czechoslovakia,1950,0
Czechoslovakia,1960,0
Czechoslovakia,1970,0
Czechoslovakia,1980,60
Czechoslovakia,1990,0
Czechoslovakia,2000,0
Czechoslovakia,2010,0
Czechoslovakia,2020,0
Democratic Republic of Congo,1900,0
Democratic Republic of Congo,1910,0
Democratic Republic of Congo,1920,0
Democratic Republic of Congo,1930,0
Democratic Republic of Congo,1940,0
Democratic Republic of Congo,1950,0
Democratic Republic of Congo,1960,360
Democratic Republic of Congo,1970,50000
Democratic Republic of Congo,1980,30014.8
Democratic Republic of Congo,1990,10600
Democratic Republic of Congo,2000,12372.5
Democratic Republic of Congo,2010,72851.6
Democratic Republic of Congo,2020,5361471
Denmark,1900,0
Denmark,1910,0
Denmark,1920,0
Denmark,1930,0
Denmark,1940,0
Denmark,1950,0
Denmark,1960,0
Denmark,1970,0
Denmark,1980,0
Denmark,1990,0
Denmark,2000,0
Denmark,2010,0
Denmark,2020,0
Djibouti,1900,0
Djibouti,1910,0
Djibouti,1920,0
Djibouti,1930,0
Djibouti,1940,0
Djibouti,1950,0
Djibouti,1960,0
Djibouti,1970,18500
Djibouti,1980,50700
Djibouti,1990,22077.5
Djibouti,2000,73125
Djibouti,2010,47525.8
Djibouti,2020,60433.6
Dominica,1900,0
Dominica,1910,0
Dominica,1920,0
Dominica,1930,0
Dominica,1940,0
Dominica,1950,0
Dominica,1960,0
Dominica,1970,7000
Dominica,1980,1071
Dominica,1990,40
Dominica,2000,760
Dominica,2010,9943.7
Dominica,2020,0
Dominican Republic,1900,0
Dominican Republic,1910,0
Dominican Republic,1920,0
Dominican Republic,1930,600
Dominican Republic,1940,0
Dominican Republic,1950,0
Dominican Republic,1960,24700
Dominican Republic,1970,120100
Dominican Republic,1980,134404.5
Dominican Republic,1990,90030
Dominican Republic,2000,29814.8
Dominican Republic,2010,301115.7
Dominican Republic,2020,372293.6
East Germany,1900,0
East Germany,1910,0
East Germany,1920,0
East Germany,1930,0
East Germany,1940,0
East Germany,1950,0
East Germany,1960,0
East Germany,1970,0
East Germany,1980,0
East Germany,1990,0
East Germany,2000,0
East Germany,2010,0
East Germany,2020,0
East Timor,1900,0
East Timor,1910,0
East Timor,1920,0
East Timor,1930,0
East Timor,1940,0
East Timor,1950,0
East Timor,1960,0
East Timor,1970,0
East Timor,1980,0
East Timor,1990,0
East Timor,2000,1323.5
East Timor,2010,12000
East Timor,2020,30558.8
Ecuador,1900,0
Ecuador,1910,0
Ecuador,1920,0
Ecuador,1930,0
Ecuador,1940,10000
Ecuador,1950,0
Ecuador,1960,67000
Ecuador,1970,23300.6
Ecuador,1980,94680
Ecuador,1990,32585.7
Ecuador,2000,92669.3
Ecuador,2010,155889.6
Ecuador,2020,109446.6
Egypt,1900,0
Egypt,1910,0
Egypt,1920,0
Egypt,1930,0
Egypt,1940,0
Egypt,1950,0
Egypt,1960,0
Egypt,1970,8100
Egypt,1980,0
Egypt,1990,16892
Egypt,2000,105
Egypt,2010,3610
Egypt,2020,4937
El Salvador,1900,0
El Salvador,1910,0
El Salvador,1920,0
El Salvador,1930,0
El Salvador,1940,0
El Salvador,1950,0
El Salvador,1960,9518.2
El Salvador,1970,0
El Salvador,1980,61906
El Salvador,1990,9895
El Salvador,2000,215952.1
El Salvador,2010,148918
El Salvador,2020,32107.6
Eritrea,1900,0
Eritrea,1910,0
Eritrea,1920,0
Eritrea,1930,0
Eritrea,1940,0
Eritrea,1950,0
Eritrea,1960,0
Eritrea,1970,0
Eritrea,1980,0
Eritrea,1990,173625.2
Eritrea,2000,387074.8
Eritrea,2010,0
Eritrea,2020,0
Estonia,1900,0
Estonia,1910,0
Estonia,1920,0
Estonia,1930,0
Estonia,1940,0
Estonia,1950,0
Estonia,1960,0
Estonia,1970,0
Estonia,1980,0
Estonia,1990,0
Estonia,2000,10
Estonia,2010,0
Estonia,2020,0
Eswatini,1900,0
Eswatini,1910,0
Eswatini,1920,0
Eswatini,1930,0
Eswatini,1940,0
Eswatini,1950,0
Eswatini,1960,0
Eswatini,1970,0
Eswatini,1980,63200
Eswatini,1990,25000
Eswatini,2000,166342.5
Eswatini,2010,72440
Eswatini,2020,211.6
Ethiopia,1900,0
Ethiopia,1910,0
Ethiopia,1920,0
Ethiopia,1930,0
Ethiopia,1940,0
Ethiopia,1950,0
Ethiopia,1960,321000
Ethiopia,1970,306700
Ethiopia,1980,1513702.2
Ethiopia,1990,909354.7
Ethiopia,2000,3022898.8
Ethiopia,2010,1955864
Ethiopia,2020,6526937
Europe,1900,29421.2
Europe,1910,0
Europe,1920,500600
Europe,1930,2259.4
Europe,1940,1011
Europe,1950,32578.6
Europe,1960,74864.9
Europe,1970,384334.5
Europe,1980,389290.1
Europe,1990,1832944.8
Europe,2000,914732.2
Europe,2010,509637.6
Europe,2020,512548.6
European Union (27),1900,15162
European Union (27),1910,0
European Union (27),1920,600
European Union (27),1930,1965.4
European Union (27),1940,1011
European Union (27),1950,32578.6
European Union (27),1960,13652.7
European Union (27),1970,352609.7
European Union (27),1980,141128
European Union (27),1990,1148077.5
European Union (27),2000,121052.3
European Union (27),2010,250007.7
European Union (27),2020,408548.2
Fiji,1900,0
Fiji,1910,0
Fiji,1920,0
Fiji,1930,0
Fiji,1940,0
Fiji,1950,0
Fiji,1960,1800
Fiji,1970,16975
Fiji,1980,61820.1
Fiji,1990,42195.5
Fiji,2000,5136.2
Fiji,2010,86644
Fiji,2020,117486
Finland,1900,0
Finland,1910,0
Finland,1920,0
Finland,1930,0
Finland,1940,0
Finland,1950,0
Finland,1960,0
Finland,1970,0
Finland,1980,0
Finland,1990,0
Finland,2000,40
Finland,2010,0
Finland,2020,0
France,1900,0
France,1910,0
France,1920,0
France,1930,0
France,1940,0
France,1950,0
France,1960,0
France,1970,2600
France,1980,630
France,1990,352653
France,2000,6081.1
France,2010,52857.5
France,2020,17543.6
French Guiana,1900,0
French Guiana,1910,0
French Guiana,1920,0
French Guiana,1930,0
French Guiana,1940,0
French Guiana,1950,0
French Guiana,1960,0
French Guiana,1970,0
French Guiana,1980,0
French Guiana,1990,0
French Guiana,2000,0
French Guiana,2010,0
French Guiana,2020,27.8
French Polynesia,1900,0
French Polynesia,1910,0
French Polynesia,1920,0
French Polynesia,1930,0
French Polynesia,1940,0
French Polynesia,1950,0
French Polynesia,1960,0
French Polynesia,1970,0
French Polynesia,1980,500
French Polynesia,1990,50
French Polynesia,2000,0
French Polynesia,2010,790
French Polynesia,2020,0
Gabon,1900,0
Gabon,1910,0
Gabon,1920,0
Gabon,1930,0
Gabon,1940,0
Gabon,1950,0
Gabon,1960,0
Gabon,1970,0
Gabon,1980,1000
Gabon,1990,0
Gabon,2000,0
Gabon,2010,8137.5
Gabon,2020,600
Gambia,1900,0
Gambia,1910,0
Gambia,1920,0
Gambia,1930,0
Gambia,1940,0
Gambia,1950,0
Gambia,1960,18000
Gambia,1970,15000
Gambia,1980,50000
Gambia,1990,3100
Gambia,2000,3148.3
Gambia,2010,56836.1
Gambia,2020,6810
Georgia,1900,0
Georgia,1910,0
Georgia,1920,0
Georgia,1930,0
Georgia,1940,0
Georgia,1950,0
Georgia,1960,0
Georgia,1970,0
Georgia,1980,0
Georgia,1990,279
Georgia,2000,72530
Georgia,2010,15705.1
Georgia,2020,72422.6
Germany,1900,0
Germany,1910,0
Germany,1920,0
Germany,1930,0
Germany,1940,0
Germany,1950,0
Germany,1960,0
Germany,1970,0
Germany,1980,0
Germany,1990,23670
Germany,2000,33160
Germany,2010,695
Germany,2020,120
Ghana,1900,0
Ghana,1910,0
Ghana,1920,0
Ghana,1930,0
Ghana,1940,0
Ghana,1950,0
Ghana,1960,2500
Ghana,1970,1200
Ghana,1980,1250430
Ghana,1990,279157.3
Ghana,2000,69134.5
Ghana,2010,126228.9
Ghana,2020,9325.4
Greece,1900,162
Greece,1910,0
Greece,1920,0
Greece,1930,965.4
Greece,1940,1011
Greece,1950,2505.6
Greece,1960,7652.7
Greece,1970,60160
Greece,1980,12613
Greece,1990,14303.1
Greece,2000,1960.6
Greece,2010,8888.8
Greece,2020,17716
Grenada,1900,0
Grenada,1910,0
Grenada,1920,0
Grenada,1930,0
Grenada,1940,0
Grenada,1950,0
Grenada,1960,0
Grenada,1970,0
Grenada,1980,0
Grenada,1990,121
Grenada,2000,6007
Grenada,2010,0
Grenada,2020,0
Guadeloupe,1900,0
Guadeloupe,1910,0
Guadeloupe,1920,0
Guadeloupe,1930,0
Guadeloupe,1940,0
Guadeloupe,1950,0
Guadeloupe,1960,2000
Guadeloupe,1970,7500
Guadeloupe,1980,0
Guadeloupe,1990,40
Guadeloupe,2000,10
Guadeloupe,2010,8000
Guadeloupe,2020,0
Guam,1900,0
Guam,1910,0
Guam,1920,0
Guam,1930,0
Guam,1940,0
Guam,1950,0
Guam,1960,0
Guam,1970,0
Guam,1980,0
Guam,1990,140
Guam,2000,1034.4
Guam,2010,0
Guam,2020,20000
Guatemala,1900,0
Guatemala,1910,0
Guatemala,1920,0
Guatemala,1930,0
Guatemala,1940,0
Guatemala,1950,0
Guatemala,1960,1020
Guatemala,1970,375300
Guatemala,1980,11950
Guatemala,1990,14603.1
Guatemala,2000,341955.7
Guatemala,2010,751638
Guatemala,2020,2160164
Guinea,1900,0
Guinea,1910,0
Guinea,1920,0
Guinea,1930,0
Guinea,1940,0
Guinea,1950,0
Guinea,1960,0
Guinea,1970,0
Guinea,1980,2500
Guinea,1990,606.6
Guinea,2000,28608.5
Guinea,2010,10862.2
Guinea,2020,38575.6
Guinea-Bissau,1900,0
Guinea-Bissau,1910,0
Guinea-Bissau,1920,0
Guinea-Bissau,1930,0
Guinea-Bissau,1940,0
Guinea-Bissau,1950,0
Guinea-Bissau,1960,0
Guinea-Bissau,1970,0
Guinea-Bissau,1980,0
Guinea-Bissau,1990,292.2
Guinea-Bissau,2000,13200
Guinea-Bissau,2010,6833.3
Guinea-Bissau,2020,0
Guyana,1900,0
Guyana,1910,0
Guyana,1920,0
Guyana,1930,0
Guyana,1940,0
Guyana,1950,0
Guyana,1960,0
Guyana,1970,2100
Guyana,1980,0
Guyana,1990,63520
Guyana,2000,40977.4
Guyana,2010,20227.4
Guyana,2020,7000
Haiti,1900,0
Haiti,1910,0
Haiti,1920,0
Haiti,1930,0
Haiti,1940,0
Haiti,1950,25000
Haiti,1960,35721.7
Haiti,1970,99811
Haiti,1980,147039
Haiti,1990,251704
Haiti,2000,109687.5
Haiti,2010,1070237.5
Haiti,2020,152114
High-income countries,1900,15179.7
High-income countries,1910,0
High-income countries,1920,13546.3
High-income countries,1930,5312.7
High-income countries,1940,250250.8
High-income countries,1950,608551.5
High-income countries,1960,1075250.9
High-income countries,1970,768354.2
High-income countries,1980,533160.6
High-income countries,1990,3418348.2
High-income countries,2000,2898321.8
High-income countries,2010,10231043
High-income countries,2020,851506
Honduras,1900,0
Honduras,1910,0
Honduras,1920,0
Honduras,1930,0
Honduras,1940,0
Honduras,1950,0
Honduras,1960,11400
Honduras,1970,95500
Honduras,1980,6570
Honduras,1990,282444.7
Honduras,2000,112969.9
Honduras,2010,316700.1
Honduras,2020,1089079.8
Hong Kong,1900,0
Hong Kong,1910,0
Hong Kong,1920,0
Hong Kong,1930,0
Hong Kong,1940,0
Hong Kong,1950,0
Hong Kong,1960,3767
Hong Kong,1970,3114.3
Hong Kong,1980,422.9
Hong Kong,1990,686.4
Hong Kong,2000,380
Hong Kong,2010,1502.7
Hong Kong,2020,28
Hungary,1900,0
Hungary,1910,0
Hungary,1920,0
Hungary,1930,0
Hungary,1940,0
Hungary,1950,0
Hungary,1960,0
Hungary,1970,0
Hungary,1980,0
Hungary,1990,13144.1
Hungary,2000,4581.4
Hungary,2010,22644.5
Hungary,2020,0
Iceland,1900,0
Iceland,1910,0
Iceland,1920,0
Iceland,1930,0
Iceland,1940,0
Iceland,1950,0
Iceland,1960,0
Iceland,1970,520
Iceland,1980,28
Iceland,1990,6.3
Iceland,2000,12.9
Iceland,2010,0
Iceland,2020,733
India,1900,0
India,1910,0
India,1920,104000
India,1930,0
India,1940,3000
India,1950,207300
India,1960,11753170
India,1970,32892544
India,1980,58973770
India,1990,31228450
India,2000,60089076
India,2010,46835684
India,2020,8187991.5
Indonesia,1900,0
Indonesia,1910,0
Indonesia,1920,0
Indonesia,1930,92
Indonesia,1940,1400
Indonesia,1950,103
Indonesia,1960,143000
Indonesia,1970,469660.5
Indonesia,1980,200043.7
Indonesia,1990,659574
Indonesia,2000,1010496.7
Indonesia,2010,664598
Indonesia,2020,4963343.5
Iran,1900,0
Iran,1910,0
Iran,1920,0
Iran,1930,0
Iran,1940,0
Iran,1950,1000
Iran,1960,85300
Iran,1970,51235.2
Iran,1980,120060.5
Iran,1990,1171240
Iran,2000,2915482.2
Iran,2010,1078133.5
Iran,2020,1241102.2
Iraq,1900,0
Iraq,1910,0
Iraq,1920,0
Iraq,1930,0
Iraq,1940,0
Iraq,1950,0
Iraq,1960,51666.6
Iraq,1970,33333.4
Iraq,1980,0
Iraq,1990,0
Iraq,2000,7089
Iraq,2010,10136.5
Iraq,2020,1402440
Ireland,1900,0
Ireland,1910,0
Ireland,1920,0
Ireland,1930,0
Ireland,1940,0
Ireland,1950,0
Ireland,1960,0
Ireland,1970,0
Ireland,1980,0
Ireland,1990,350
Ireland,2000,50
Ireland,2010,90
Ireland,2020,0
Isle of Man,1900,0
Isle of Man,1910,0
Isle of Man,1920,0
Isle of Man,1930,0
Isle of Man,1940,0
Isle of Man,1950,0
Isle of Man,1960,0
Isle of Man,1970,0
Isle of Man,1980,0
Isle of Man,1990,0
Isle of Man,2000,0
Isle of Man,2010,0
Isle of Man,2020,0
Israel,1900,0
Israel,1910,0
Israel,1920,0
Israel,1930,0
Israel,1940,0
Israel,1950,0
Israel,1960,0
Israel,1970,1.3
Israel,1980,0
Israel,1990,120
Israel,2000,41
Israel,2010,208000
Israel,2020,4.2
Italy,1900,15000
Italy,1910,0
Italy,1920,0
Italy,1930,1000
Italy,1940,0
Italy,1950,0
Italy,1960,5500
Italy,1970,142314.2
Italy,1980,44130
Italy,1990,2126.3
Italy,2000,5823
Italy,2010,6232.4
Italy,2020,12331
Jamaica,1900,9000
Jamaica,1910,0
Jamaica,1920,0
Jamaica,1930,0
Jamaica,1940,0
Jamaica,1950,2000
Jamaica,1960,10000
Jamaica,1970,20250
Jamaica,1980,90600
Jamaica,1990,55429
Jamaica,2000,42801.6
Jamaica,2010,43987.5
Jamaica,2020,0
Japan,1900,17.7
Japan,1910,0
Japan,1920,12946.3
Japan,1930,0
Japan,1940,248987.1
Japan,1950,565272.9
Japan,1960,438628.5
Japan,1970,38675.5
Japan,1980,43009.9
Japan,1990,80237.2
Japan,2000,157684
Japan,2010,321874.9
Japan,2020,71675
Jordan,1900,0
Jordan,1910,0
Jordan,1920,0
Jordan,1930,0
Jordan,1940,0
Jordan,1950,0
Jordan,1960,370
Jordan,1970,0
Jordan,1980,0
Jordan,1990,19800
Jordan,2000,15000
Jordan,2010,0
Jordan,2020,400
Kazakhstan,1900,0
Kazakhstan,1910,0
Kazakhstan,1920,0
Kazakhstan,1930,0
Kazakhstan,1940,0
Kazakhstan,1950,0
Kazakhstan,1960,0
Kazakhstan,1970,0
Kazakhstan,1980,0
Kazakhstan,1990,63800
Kazakhstan,2000,8016.8
Kazakhstan,2010,7290.8
Kazakhstan,2020,23860
Kenya,1900,0
Kenya,1910,0
Kenya,1920,0
Kenya,1930,0
Kenya,1940,0
Kenya,1950,0
Kenya,1960,27500
Kenya,1970,20597.2
Kenya,1980,62302.8
Kenya,1990,703265.3
Kenya,2000,3322062.5
Kenya,2010,1713283.6
Kenya,2020,1154694
Kiribati,1900,0
Kiribati,1910,0
Kiribati,1920,0
Kiribati,1930,0
Kiribati,1940,0
Kiribati,1950,0
Kiribati,1960,0
Kiribati,1970,70
Kiribati,1980,0
Kiribati,1990,8400
Kiribati,2000,0
Kiribati,2010,172
Kiribati,2020,0
Kuwait,1900,0
Kuwait,1910,0
Kuwait,1920,0
Kuwait,1930,0
Kuwait,1940,0
Kuwait,1950,0
Kuwait,1960,0
Kuwait,1970,0
Kuwait,1980,0
Kuwait,1990,20
Kuwait,2000,0
Kuwait,2010,0
Kuwait,2020,0
Kyrgyzstan,1900,0
Kyrgyzstan,1910,0
Kyrgyzstan,1920,0
Kyrgyzstan,1930,0
Kyrgyzstan,1940,0
Kyrgyzstan,1950,0
Kyrgyzstan,1960,0
Kyrgyzstan,1970,0
Kyrgyzstan,1980,0
Kyrgyzstan,1990,15036.8
Kyrgyzstan,2000,202555.6
Kyrgyzstan,2010,3584
Kyrgyzstan,2020,2770
Laos,1900,0
Laos,1910,0
Laos,1920,0
Laos,1930,0
Laos,1940,0
Laos,1950,0
Laos,1960,7900
Laos,1970,405900
Laos,1980,73200
Laos,1990,186049
Laos,2000,138598.6
Laos,2010,237189.4
Laos,2020,41639.8
Latvia,1900,0
Latvia,1910,0
Latvia,1920,0
Latvia,1930,0
Latvia,1940,0
Latvia,1950,0
Latvia,1960,0
Latvia,1970,0
Latvia,1980,0
Latvia,1990,0
Latvia,2000,0
Latvia,2010,0
Latvia,2020,40
Lebanon,1900,0
Lebanon,1910,0
Lebanon,1920,0
Lebanon,1930,0
Lebanon,1940,0
Lebanon,1950,0
Lebanon,1960,0
Lebanon,1970,0
Lebanon,1980,150
Lebanon,1990,10000
Lebanon,2000,1750
Lebanon,2010,101194.2
Lebanon,2020,799840
Lesotho,1900,0
Lesotho,1910,0
Lesotho,1920,0
Lesotho,1930,0
Lesotho,1940,0
Lesotho,1950,0
Lesotho,1960,20400
Lesotho,1970,0
Lesotho,1980,68000
Lesotho,1990,33170
Lesotho,2000,98050
Lesotho,2010,187251.5
Lesotho,2020,153903.6
Liberia,1900,0
Liberia,1910,0
Liberia,1920,0
Liberia,1930,0
Liberia,1940,0
Liberia,1950,0
Liberia,1960,0
Liberia,1970,0
Liberia,1980,20
Liberia,1990,100500
Liberia,2000,1758.4
Liberia,2010,3091.7
Liberia,2020,0
Libya,1900,0
Libya,1910,0
Libya,1920,0
Libya,1930,0
Libya,1940,0
Libya,1950,0
Libya,1960,0
Libya,1970,0
Libya,1980,0
Libya,1990,0
Libya,2000,0
Libya,2010,2200
Libya,2020,320000
Lithuania,1900,0
Lithuania,1910,0
Lithuania,1920,0
Lithuania,1930,0
Lithuania,1940,0
Lithuania,1950,0
Lithuania,1960,0
Lithuania,1970,0
Lithuania,1980,0
Lithuania,1990,78000
Lithuania,2000,0
Lithuania,2010,0
Lithuania,2020,0
Low-income countries,1900,0
Low-income countries,1910,3200
Low-income countries,1920,0
Low-income countries,1930,0
Low-income countries,1940,0
Low-income countries,1950,0
Low-income countries,1960,450333.2
Low-income countries,1970,1711044.2
Low-income countries,1980,5497042.5
Low-income countries,1990,5820758
Low-income countries,2000,10040820
Low-income countries,2010,16014479
Low-income countries,2020,33965388
Lower-middle-income countries,1900,0
Lower-middle-income countries,1910,0
Lower-middle-income countries,1920,104000
Lower-middle-income countries,1930,750
Lower-middle-income countries,1940,3000
Lower-middle-income countries,1950,264620
Lower-middle-income countries,1960,15646362
Lower-middle-income countries,1970,43848384
Lower-middle-income countries,1980,85351810
Lower-middle-income countries,1990,52327308
Lower-middle-income countries,2000,88333570
Lower-middle-income countries,2010,79731290
Lower-middle-income countries,2020,41907172
Luxembourg,1900,0
Luxembourg,1910,0
Luxembourg,1920,0
Luxembourg,1930,0
Luxembourg,1940,0
Luxembourg,1950,0
Luxembourg,1960,0
Luxembourg,1970,0
Luxembourg,1980,0
Luxembourg,1990,0
Luxembourg,2000,0
Luxembourg,2010,150
Luxembourg,2020,0
Macao,1900,0
Macao,1910,0
Macao,1920,0
Macao,1930,0
Macao,1940,0
Macao,1950,0
Macao,1960,0
Macao,1970,0
Macao,1980,0
Macao,1990,120
Macao,2000,0
Macao,2010,0
Macao,2020,0
Madagascar,1900,0
Madagascar,1910,0
Madagascar,1920,0
Madagascar,1930,0
Madagascar,1940,0
Madagascar,1950,0
Madagascar,1960,10500
Madagascar,1970,306800
Madagascar,1980,174924.3
Madagascar,1990,186477.1
Madagascar,2000,451031.4
Madagascar,2010,410239.4
Madagascar,2020,552179.6
Malawi,1900,0
Malawi,1910,0
Malawi,1920,0
Malawi,1930,0
Malawi,1940,0
Malawi,1950,0
Malawi,1960,350
Malawi,1970,2000
Malawi,1980,143526.7
Malawi,1990,1021700
Malawi,2000,960871.1
Malawi,2010,1052921.9
Malawi,2020,1211425.8
Malaysia,1900,0
Malaysia,1910,0
Malaysia,1920,0
Malaysia,1930,0
Malaysia,1940,0
Malaysia,1950,0
Malaysia,1960,43500
Malaysia,1970,24600
Malaysia,1980,10257.6
Malaysia,1990,3318.3
Malaysia,2000,41121.9
Malaysia,2010,262162.5
Malaysia,2020,71660.4
Maldives,1900,0
Maldives,1910,0
Maldives,1920,0
Maldives,1930,0
Maldives,1940,0
Maldives,1950,0
Maldives,1960,0
Maldives,1970,0
Maldives,1980,30
Maldives,1990,0
Maldives,2000,1364.9
Maldives,2010,180
Maldives,2020,264
Mali,1900,0
Mali,1910,0
Mali,1920,0
Mali,1930,0
Mali,1940,0
Mali,1950,0
Mali,1960,0
Mali,1970,0
Mali,1980,151463.5
Mali,1990,30578.4
Mali,2000,111407.1
Mali,2010,422504.4
Mali,2020,1722950.6
Malta,1900,0
Malta,1910,0
Malta,1920,0
Malta,1930,0
Malta,1940,0
Malta,1950,0
Malta,1960,0
Malta,1970,0
Malta,1980,0
Malta,1990,0
Malta,2000,0
Malta,2010,0
Malta,2020,0
Marshall Islands,1900,0
Marshall Islands,1910,0
Marshall Islands,1920,0
Marshall Islands,1930,0
Marshall Islands,1940,0
Marshall Islands,1950,0
Marshall Islands,1960,0
Marshall Islands,1970,0
Marshall Islands,1980,0
Marshall Islands,1990,0
Marshall Islands,2000,60
Marshall Islands,2010,2774.4
Marshall Islands,2020,7587.2
Martinique,1900,0
Martinique,1910,0
Martinique,1920,0
Martinique,1930,0
Martinique,1940,0
Martinique,1950,0
Martinique,1960,100
Martinique,1970,2500
Martinique,1980,0
Martinique,1990,190
Martinique,2000,0
Martinique,2010,0
Martinique,2020,0
Mauritania,1900,0
Mauritania,1910,0
Mauritania,1920,0
Mauritania,1930,0
Mauritania,1940,0
Mauritania,1950,0
Mauritania,1960,23164.1
Mauritania,1970,256135.9
Mauritania,1980,160900
Mauritania,1990,47211.5
Mauritania,2000,109912
Mauritania,2010,585394.9
Mauritania,2020,291081.6
Mauritius,1900,0
Mauritius,1910,0
Mauritius,1920,0
Mauritius,1930,0
Mauritius,1940,0
Mauritius,1950,0
Mauritius,1960,2000
Mauritius,1970,95119.9
Mauritius,1980,3685
Mauritius,1990,680
Mauritius,2000,0
Mauritius,2010,3000
Mauritius,2020,20527.8
Mexico,1900,0
Mexico,1910,0
Mexico,1920,0
Mexico,1930,0
Mexico,1940,300
Mexico,1950,0
Mexico,1960,36334.5
Mexico,1970,85325
Mexico,1980,256900
Mexico,1990,198752.1
Mexico,2000,643045.8
Mexico,2010,724520
Mexico,2020,240304
Micronesia (country),1900,0
Micronesia (country),1910,0
Micronesia (country),1920,0
Micronesia (country),1930,0
Micronesia (country),1940,0
Micronesia (country),1950,0
Micronesia (country),1960,0
Micronesia (country),1970,0
Micronesia (country),1980,0
Micronesia (country),1990,2880
Micronesia (country),2000,730
Micronesia (country),2010,14500
Micronesia (country),2020,22600
Moldova,1900,0
Moldova,1910,0
Moldova,1920,0
Moldova,1930,0
Moldova,1940,0
Moldova,1950,0
Moldova,1960,0
Moldova,1970,0
Moldova,1980,0
Moldova,1990,2810.8
Moldova,2000,282139.4
Moldova,2010,3063.4
Moldova,2020,0
Mongolia,1900,0
Mongolia,1910,0
Mongolia,1920,0
Mongolia,1930,0
Mongolia,1940,0
Mongolia,1950,0
Mongolia,1960,25000
Mongolia,1970,0
Mongolia,1980,0
Mongolia,1990,10500
Mongolia,2000,250850.1
Mongolia,2010,203540.6
Mongolia,2020,212390.2
Montenegro,1900,0
Montenegro,1910,0
Montenegro,1920,0
Montenegro,1930,0
Montenegro,1940,0
Montenegro,1950,0
Montenegro,1960,0
Montenegro,1970,0
Montenegro,1980,0
Montenegro,1990,0
Montenegro,2000,127.1
Montenegro,2010,1131.5
Montenegro,2020,0
Montserrat,1900,0
Montserrat,1910,0
Montserrat,1920,0
Montserrat,1930,0
Montserrat,1940,0
Montserrat,1950,0
Montserrat,1960,0
Montserrat,1970,0
Montserrat,1980,0
Montserrat,1990,1300
Montserrat,2000,20
Montserrat,2010,0
Montserrat,2020,0
Morocco,1900,0
Morocco,1910,0
Morocco,1920,0
Morocco,1930,0
Morocco,1940,0
Morocco,1950,0
Morocco,1960,8281.3
Morocco,1970,42100.1
Morocco,1980,1000
Morocco,1990,16027.5
Morocco,2000,27057.5
Morocco,2010,267170
Morocco,2020,168275
Mozambique,1900,0
Mozambique,1910,0
Mozambique,1920,0
Mozambique,1930,0
Mozambique,1940,0
Mozambique,1950,0
Mozambique,1960,5000
Mozambique,1970,275397.3
Mozambique,1980,1061302.8
Mozambique,1990,597000
Mozambique,2000,980326.1
Mozambique,2010,634000.3
Mozambique,2020,1232618
Myanmar,1900,0
Myanmar,1910,0
Myanmar,1920,0
Myanmar,1930,0
Myanmar,1940,0
Myanmar,1950,0
Myanmar,1960,71731.9
Myanmar,1970,152100
Myanmar,1980,6458.8
Myanmar,1990,55292.5
Myanmar,2000,269624.3
Myanmar,2010,361405.9
Myanmar,2020,45360
Namibia,1900,0
Namibia,1910,0
Namibia,1920,0
Namibia,1930,0
Namibia,1940,0
Namibia,1950,0
Namibia,1960,0
Namibia,1970,0
Namibia,1980,0
Namibia,1990,43820
Namibia,2000,81930
Namibia,2010,229639
Namibia,2020,50170.6
Nepal,1900,0
Nepal,1910,0
Nepal,1920,0
Nepal,1930,0
Nepal,1940,0
Nepal,1950,0
Nepal,1960,2100
Nepal,1970,276960.6
Nepal,1980,287389.4
Nepal,1990,74346
Nepal,2000,286315.6
Nepal,2010,785671.3
Nepal,2020,99203
Netherlands,1900,0
Netherlands,1910,0
Netherlands,1920,0
Netherlands,1930,0
Netherlands,1940,0
Netherlands,1950,30000
Netherlands,1960,0
Netherlands,1970,0
Netherlands,1980,0
Netherlands,1990,26506
Netherlands,2000,0
Netherlands,2010,0
Netherlands,2020,0
Netherlands Antilles,1900,0
Netherlands Antilles,1910,0
Netherlands Antilles,1920,0
Netherlands Antilles,1930,0
Netherlands Antilles,1940,0
Netherlands Antilles,1950,0
Netherlands Antilles,1960,0
Netherlands Antilles,1970,0
Netherlands Antilles,1980,0
Netherlands Antilles,1990,4000
Netherlands Antilles,2000,0
Netherlands Antilles,2010,0
Netherlands Antilles,2020,0
New Caledonia,1900,0
New Caledonia,1910,0
New Caledonia,1920,0
New Caledonia,1930,0
New Caledonia,1940,0
New Caledonia,1950,0
New Caledonia,1960,0
New Caledonia,1970,0
New Caledonia,1980,200
New Caledonia,1990,0
New Caledonia,2000,0
New Caledonia,2010,0
New Caledonia,2020,0
New Zealand,1900,0
New Zealand,1910,0
New Zealand,1920,0
New Zealand,1930,1100
New Zealand,1940,0
New Zealand,1950,0
New Zealand,1960,130
New Zealand,1970,357.5
New Zealand,1980,2413.7
New Zealand,1990,324.5
New Zealand,2000,725
New Zealand,2010,61755.7
New Zealand,2020,4010.8
Nicaragua,1900,0
Nicaragua,1910,0
Nicaragua,1920,0
Nicaragua,1930,0
Nicaragua,1940,0
Nicaragua,1950,0
Nicaragua,1960,330
Nicaragua,1970,44380
Nicaragua,1980,39200
Nicaragua,1990,191183
Nicaragua,2000,54203
Nicaragua,2010,117495.4
Nicaragua,2020,186600
Niger,1900,0
Niger,1910,3200
Niger,1920,0
Niger,1930,0
Niger,1940,0
Niger,1950,0
Niger,1960,0
Niger,1970,1600
Niger,1980,458000
Niger,1990,165010.6
Niger,2000,1135458.2
Niger,2010,1196362.9
Niger,2020,1749457.6
Nigeria,1900,0
Nigeria,1910,0
Nigeria,1920,0
Nigeria,1930,0
Nigeria,1940,0
Nigeria,1950,0
Nigeria,1960,0
Nigeria,1970,0
Nigeria,1980,300600
Nigeria,1990,26000
Nigeria,2000,53286.5
Nigeria,2010,1075605.8
Nigeria,2020,4428693
Niue,1900,0
Niue,1910,0
Niue,1920,0
Niue,1930,0
Niue,1940,0
Niue,1950,160
Niue,1960,400
Niue,1970,0
Niue,1980,0
Niue,1990,20
Niue,2000,20
Niue,2010,0
Niue,2020,0
North America,1900,9000
North America,1910,0
North America,1920,0
North America,1930,2847.3
North America,1940,552.7
North America,1950,37700
North America,1960,149297.3
North America,1970,891307.4
North America,1980,1005880.1
North America,1990,1873583.8
North America,2000,4689865
North America,2010,13552720
North America,2020,5106635
North Korea,1900,0
North Korea,1910,0
North Korea,1920,0
North Korea,1930,0
North Korea,1940,0
North Korea,1950,0
North Korea,1960,0
North Korea,1970,0
North Korea,1980,2000
North Korea,1990,902163.6
North Korea,2000,169103.1
North Korea,2010,3872268.8
North Korea,2020,18000
North Macedonia,1900,0
North Macedonia,1910,0
North Macedonia,1920,0
North Macedonia,1930,0
North Macedonia,1940,0
North Macedonia,1950,0
North Macedonia,1960,0
North Macedonia,1970,0
North Macedonia,1980,0
North Macedonia,1990,1150
North Macedonia,2000,110995.2
North Macedonia,2010,15955.3
North Macedonia,2020,16000
Northern Mariana Islands,1900,0
Northern Mariana Islands,1910,0
Northern Mariana Islands,1920,0
Northern Mariana Islands,1930,0
Northern Mariana Islands,1940,0
Northern Mariana Islands,1950,0
Northern Mariana Islands,1960,0
Northern Mariana Islands,1970,0
Northern Mariana Islands,1980,0
Northern Mariana Islands,1990,0
Northern Mariana Islands,2000,20
Northern Mariana Islands,2010,35
Northern Mariana Islands,2020,0
Norway,1900,0
Norway,1910,0
Norway,1920,0
Norway,1930,0
Norway,1940,0
Norway,1950,0
Norway,1960,0
Norway,1970,0
Norway,1980,0
Norway,1990,400
Norway,2000,210
Norway,2010,65
Norway,2020,200
Oceania,1900,0
Oceania,1910,0
Oceania,1920,0
Oceania,1930,1850
Oceania,1940,250
Oceania,1950,480
Oceania,1960,13717.4
Oceania,1970,27352.5
Oceania,1980,121478.8
Oceania,1990,1731258.5
Oceania,2000,59585.3
Oceania,2010,593213.6
Oceania,2020,448994.2
Oman,1900,0
Oman,1910,0
Oman,1920,0
Oman,1930,0
Oman,1940,0
Oman,1950,0
Oman,1960,0
Oman,1970,500
Oman,1980,0
Oman,1990,0
Oman,2000,2005
Oman,2010,620
Oman,2020,76
Pakistan,1900,0
Pakistan,1910,0
Pakistan,1920,0
Pakistan,1930,0
Pakistan,1940,0
Pakistan,1950,0
Pakistan,1960,62442.7
Pakistan,1970,1341720
Pakistan,1980,31587.5
Pakistan,1990,1575979.4
Pakistan,2000,1447562
Pakistan,2010,4197141
Pakistan,2020,7149442
Palau,1900,0
Palau,1910,0
Palau,1920,0
Palau,1930,0
Palau,1940,0
Palau,1950,0
Palau,1960,0
Palau,1970,0
Palau,1980,0
Palau,1990,0
Palau,2000,0
Palau,2010,1420
Palau,2020,1457.6
Palestine,1900,0
Palestine,1910,0
Palestine,1920,0
Palestine,1930,0
Palestine,1940,0
Palestine,1950,0
Palestine,1960,0
Palestine,1970,0
Palestine,1980,0
Palestine,1990,0
Palestine,2000,0
Palestine,2010,9502.1
Palestine,2020,6700
Panama,1900,0
Panama,1910,0
Panama,1920,0
Panama,1930,0
Panama,1940,0
Panama,1950,0
Panama,1960,210
Panama,1970,5014.5
Panama,1980,9223.2
Panama,1990,3900
Panama,2000,9153.3
Panama,2010,7367.4
Panama,2020,7098
Papua New Guinea,1900,0
Papua New Guinea,1910,0
Papua New Guinea,1920,0
Papua New Guinea,1930,750
Papua New Guinea,1940,0
Papua New Guinea,1950,320
Papua New Guinea,1960,200
Papua New Guinea,1970,400
Papua New Guinea,1980,8400
Papua New Guinea,1990,76399.9
Papua New Guinea,2000,29669.5
Papua New Guinea,2010,339271.1
Papua New Guinea,2020,14927
Paraguay,1900,0
Paraguay,1910,0
Paraguay,1920,0
Paraguay,1930,0
Paraguay,1940,0
Paraguay,1950,0
Paraguay,1960,4329
Paraguay,1970,14700
Paraguay,1980,21500
Paraguay,1990,43710.9
Paraguay,2000,49261.1
Paraguay,2010,263725.2
Paraguay,2020,10531.2
Peru,1900,0
Peru,1910,0
Peru,1920,0
Peru,1930,0
Peru,1940,0
Peru,1950,0
Peru,1960,38550.4
Peru,1970,511980.9
Peru,1980,107435.6
Peru,1990,467467.5
Peru,2000,477945
Peru,2010,427106.5
Peru,2020,129232.8
Philippines,1900,0
Philippines,1910,0
Philippines,1920,0
Philippines,1930,0
Philippines,1940,0
Philippines,1950,6000
Philippines,1960,226615.5
Philippines,1970,1483772.1
Philippines,1980,2325243.2
Philippines,1990,3618775.5
Philippines,2000,4747801.5
Philippines,2010,9900401
Philippines,2020,6280687
Poland,1900,0
Poland,1910,0
Poland,1920,0
Poland,1930,0
Poland,1940,0
Poland,1950,0
Poland,1960,0
Poland,1970,100
Poland,1980,2145
Poland,1990,16370
Poland,2000,2090
Poland,2010,10799.9
Poland,2020,778
Portugal,1900,0
Portugal,1910,0
Portugal,1920,0
Portugal,1930,0
Portugal,1940,0
Portugal,1950,0
Portugal,1960,200
Portugal,1970,3500
Portugal,1980,2420
Portugal,1990,311
Portugal,2000,15034.8
Portugal,2010,605.9
Portugal,2020,280
Puerto Rico,1900,0
Puerto Rico,1910,0
Puerto Rico,1920,0
Puerto Rico,1930,0
Puerto Rico,1940,0
Puerto Rico,1950,0
Puerto Rico,1960,0
Puerto Rico,1970,450
Puerto Rico,1980,200
Puerto Rico,1990,15591.5
Puerto Rico,2000,1520.5
Puerto Rico,2010,54190
Puerto Rico,2020,864
Qatar,1900,0
Qatar,1910,0
Qatar,1920,0
Qatar,1930,0
Qatar,1940,0
Qatar,1950,0
Qatar,1960,0
Qatar,1970,0
Qatar,1980,0
Qatar,1990,0
Qatar,2000,0
Qatar,2010,150
Qatar,2020,0
Reunion,1900,0
Reunion,1910,0
Reunion,1920,0
Reunion,1930,0
Reunion,1940,0
Reunion,1950,0
Reunion,1960,0
Reunion,1970,100
Reunion,1980,1720
Reunion,1990,0
Reunion,2000,0
Reunion,2010,45
Reunion,2020,5140
Romania,1900,0
Romania,1910,0
Romania,1920,0
Romania,1930,0
Romania,1940,0
Romania,1950,0
Romania,1960,0
Romania,1970,143875.5
Romania,1980,200
Romania,1990,3096.3
Romania,2000,20382.8
Romania,2010,3032.4
Romania,2020,252.2
Russia,1900,0
Russia,1910,0
Russia,1920,0
Russia,1930,0
Russia,1940,0
Russia,1950,0
Russia,1960,0
Russia,1970,0
Russia,1980,0
Russia,1990,203476.6
Russia,2000,193837.7
Russia,2010,26209.9
Russia,2020,12201.2
Rwanda,1900,0
Rwanda,1910,0
Rwanda,1920,0
Rwanda,1930,0
Rwanda,1940,0
Rwanda,1950,0
Rwanda,1960,0
Rwanda,1970,360000
Rwanda,1980,50162.8
Rwanda,1990,20979.2
Rwanda,2000,180908.3
Rwanda,2010,8641.8
Rwanda,2020,18542
Saint Barthelemy,1900,0
Saint Barthelemy,1910,0
Saint Barthelemy,1920,0
Saint Barthelemy,1930,0
Saint Barthelemy,1940,0
Saint Barthelemy,1950,0
Saint Barthelemy,1960,0
Saint Barthelemy,1970,0
Saint Barthelemy,1980,0
Saint Barthelemy,1990,0
Saint Barthelemy,2000,0
Saint Barthelemy,2010,0
Saint Barthelemy,2020,0
Saint Helena,1900,0
Saint Helena,1910,0
Saint Helena,1920,0
Saint Helena,1930,0
Saint Helena,1940,0
Saint Helena,1950,0
Saint Helena,1960,0
Saint Helena,1970,0
Saint Helena,1980,0
Saint Helena,1990,0
Saint Helena,2000,30
Saint Helena,2010,0
Saint Helena,2020,0
Saint Kitts and Nevis,1900,0
Saint Kitts and Nevis,1910,0
Saint Kitts and Nevis,1920,0
Saint Kitts and Nevis,1930,0
Saint Kitts and Nevis,1940,0
Saint Kitts and Nevis,1950,0
Saint Kitts and Nevis,1960,0
Saint Kitts and Nevis,1970,0
Saint Kitts and Nevis,1980,0
Saint Kitts and Nevis,1990,1288
Saint Kitts and Nevis,2000,0
Saint Kitts and Nevis,2010,50
Saint Kitts and Nevis,2020,0
Saint Lucia,1900,0
Saint Lucia,1910,0
Saint Lucia,1920,0
Saint Lucia,1930,0
Saint Lucia,1940,0
Saint Lucia,1950,0
Saint Lucia,1960,0
Saint Lucia,1970,0
Saint Lucia,1980,7300
Saint Lucia,1990,77.5
Saint Lucia,2000,0
Saint Lucia,2010,22798.4
Saint Lucia,2020,1100
Saint Martin (French part),1900,0
Saint Martin (French part),1910,0
Saint Martin (French part),1920,0
Saint Martin (French part),1930,0
Saint Martin (French part),1940,0
Saint Martin (French part),1950,0
Saint Martin (French part),1960,0
Saint Martin (French part),1970,0
Saint Martin (French part),1980,0
Saint Martin (French part),1990,0
Saint Martin (French part),2000,0
Saint Martin (French part),2010,0
Saint Martin (French part),2020,0
Saint Vincent and the Grenadines,1900,0
Saint Vincent and the Grenadines,1910,0
Saint Vincent and the Grenadines,1920,0
Saint Vincent and the Grenadines,1930,0
Saint Vincent and the Grenadines,1940,0
Saint Vincent and the Grenadines,1950,0
Saint Vincent and the Grenadines,1960,0
Saint Vincent and the Grenadines,1970,2200
Saint Vincent and the Grenadines,1980,2114.2
Saint Vincent and the Grenadines,1990,30
Saint Vincent and the Grenadines,2000,153
Saint Vincent and the Grenadines,2010,4816
Saint Vincent and the Grenadines,2020,2715.8
Samoa,1900,0
Samoa,1910,0
Samoa,1920,0
Samoa,1930,0
Samoa,1940,0
Samoa,1950,0
Samoa,1960,9500
Samoa,1970,0
Samoa,1980,200
Samoa,1990,25500
Samoa,2000,527.4
Samoa,2010,1270.3
Samoa,2020,0
Sao Tome and Principe,1900,0
Sao Tome and Principe,1910,0
Sao Tome and Principe,1920,0
Sao Tome and Principe,1930,0
Sao Tome and Principe,1940,0
Sao Tome and Principe,1950,0
Sao Tome and Principe,1960,0
Sao Tome and Principe,1970,0
Sao Tome and Principe,1980,9300
Sao Tome and Principe,1990,0
Sao Tome and Principe,2000,0
Sao Tome and Principe,2010,0
Sao Tome and Principe,2020,43933.6
Saudi Arabia,1900,0
Saudi Arabia,1910,0
Saudi Arabia,1920,0
Saudi Arabia,1930,0
Saudi Arabia,1940,0
Saudi Arabia,1950,0
Saudi Arabia,1960,100
Saudi Arabia,1970,0
Saudi Arabia,1980,0
Saudi Arabia,1990,0
Saudi Arabia,2000,1345
Saudi Arabia,2010,402.9
Saudi Arabia,2020,120
Senegal,1900,0
Senegal,1910,0
Senegal,1920,0
Senegal,1930,0
Senegal,1940,0
Senegal,1950,0
Senegal,1960,20192.1
Senegal,1970,538942.9
Senegal,1980,168365
Senegal,1990,37085.3
Senegal,2000,80717.7
Senegal,2010,198641.9
Senegal,2020,41491.8
Serbia,1900,0
Serbia,1910,0
Serbia,1920,0
Serbia,1930,0
Serbia,1940,0
Serbia,1950,0
Serbia,1960,0
Serbia,1970,0
Serbia,1980,0
Serbia,1990,0
Serbia,2000,1558
Serbia,2010,20471
Serbia,2020,3556.8
Serbia and Montenegro,1900,0
Serbia and Montenegro,1910,0
Serbia and Montenegro,1920,0
Serbia and Montenegro,1930,0
Serbia and Montenegro,1940,0
Serbia and Montenegro,1950,0
Serbia and Montenegro,1960,0
Serbia and Montenegro,1970,0
Serbia and Montenegro,1980,0
Serbia and Montenegro,1990,6063.9
Serbia and Montenegro,2000,5529.5
Serbia and Montenegro,2010,0
Serbia and Montenegro,2020,0
Seychelles,1900,0
Seychelles,1910,0
Seychelles,1920,0
Seychelles,1930,0
Seychelles,1940,0
Seychelles,1950,0
Seychelles,1960,0
Seychelles,1970,0
Seychelles,1980,0
Seychelles,1990,112.5
Seychelles,2000,1156
Seychelles,2010,743.5
Seychelles,2020,0
Sierra Leone,1900,0
Sierra Leone,1910,0
Sierra Leone,1920,0
Sierra Leone,1930,0
Sierra Leone,1940,0
Sierra Leone,1950,0
Sierra Leone,1960,0
Sierra Leone,1970,1000
Sierra Leone,1980,0
Sierra Leone,1990,20000
Sierra Leone,2000,2095.5
Sierra Leone,2010,4673.4
Sierra Leone,2020,2580.6
Sint Maarten (Dutch part),1900,0
Sint Maarten (Dutch part),1910,0
Sint Maarten (Dutch part),1920,0
Sint Maarten (Dutch part),1930,0
Sint Maarten (Dutch part),1940,0
Sint Maarten (Dutch part),1950,0
Sint Maarten (Dutch part),1960,0
Sint Maarten (Dutch part),1970,0
Sint Maarten (Dutch part),1980,0
Sint Maarten (Dutch part),1990,0
Sint Maarten (Dutch part),2000,0
Sint Maarten (Dutch part),2010,500
Sint Maarten (Dutch part),2020,0
Slovakia,1900,0
Slovakia,1910,0
Slovakia,1920,0
Slovakia,1930,0
Slovakia,1940,0
Slovakia,1950,0
Slovakia,1960,0
Slovakia,1970,0
Slovakia,1980,0
Slovakia,1990,4605.7
Slovakia,2000,1063
Slovakia,2010,85
Slovakia,2020,50
Slovenia,1900,0
Slovenia,1910,0
Slovenia,1920,0
Slovenia,1930,0
Slovenia,1940,0
Slovenia,1950,0
Slovenia,1960,0
Slovenia,1970,0
Slovenia,1980,0
Slovenia,1990,0
Slovenia,2000,60
Slovenia,2010,6455
Slovenia,2020,300924
Solomon Islands,1900,0
Solomon Islands,1910,0
Solomon Islands,1920,0
Solomon Islands,1930,0
Solomon Islands,1940,0
Solomon Islands,1950,0
Solomon Islands,1960,100
Solomon Islands,1970,1300
Solomon Islands,1980,12065
Solomon Islands,1990,8888
Solomon Islands,2000,965
Solomon Islands,2010,14239.8
Solomon Islands,2020,34463.8
Somalia,1900,0
Somalia,1910,0
Somalia,1920,0
Somalia,1930,0
Somalia,1940,0
Somalia,1950,0
Somalia,1960,70000
Somalia,1970,27000
Somalia,1980,63350
Somalia,1990,101060
Somalia,2000,551835
Somalia,2010,1848230
Somalia,2020,2428283.5
South Africa,1900,0
South Africa,1910,0
South Africa,1920,0
South Africa,1930,0
South Africa,1940,0
South Africa,1950,0
South Africa,1960,600
South Africa,1970,100
South Africa,1980,273500
South Africa,1990,33810
South Africa,2000,1522026.6
South Africa,2010,381612.9
South Africa,2020,2441156.2
South America,1900,0
South America,1910,0
South America,1920,0
South America,1930,0
South America,1940,22000
South America,1950,0
South America,1960,877550.6
South America,1970,3135429.5
South America,1980,4903455
South America,1990,1948267.8
South America,2000,2161152.2
South America,2010,6461707.5
South America,2020,2360563.8
South Korea,1900,0
South Korea,1910,0
South Korea,1920,0
South Korea,1930,0
South Korea,1940,0
South Korea,1950,0
South Korea,1960,364369.8
South Korea,1970,92705
South Korea,1980,53200.5
South Korea,1990,27297.6
South Korea,2000,49635.6
South Korea,2010,19772.8
South Korea,2020,15480
South Sudan,1900,0
South Sudan,1910,0
South Sudan,1920,0
South Sudan,1930,0
South Sudan,1940,0
South Sudan,1950,0
South Sudan,1960,0
South Sudan,1970,0
South Sudan,1980,0
South Sudan,1990,0
South Sudan,2000,224279.1
South Sudan,2010,773480
South Sudan,2020,2120134
Spain,1900,0
Spain,1910,0
Spain,1920,0
Spain,1930,0
Spain,1940,0
Spain,1950,0
Spain,1960,0
Spain,1970,0
Spain,1980,78890
Spain,1990,602185
Spain,2000,823
Spain,2010,925
Spain,2020,7777.8
Sri Lanka,1900,0
Sri Lanka,1910,0
Sri Lanka,1920,0
Sri Lanka,1930,0
Sri Lanka,1940,0
Sri Lanka,1950,25000
Sri Lanka,1960,157934.7
Sri Lanka,1970,125200
Sri Lanka,1980,671348.5
Sri Lanka,1990,151942.5
Sri Lanka,2000,571703.5
Sri Lanka,2010,962615.5
Sri Lanka,2020,241674.8
Sudan,1900,0
Sudan,1910,0
Sudan,1920,0
Sudan,1930,0
Sudan,1940,0
Sudan,1950,0
Sudan,1960,0
Sudan,1970,24500
Sudan,1980,1345200
Sudan,1990,1065600.6
Sudan,2000,331545.5
Sudan,2010,550583.8
Sudan,2020,2676460
Suriname,1900,0
Suriname,1910,0
Suriname,1920,0
Suriname,1930,0
Suriname,1940,0
Suriname,1950,0
Suriname,1960,460
Suriname,1970,0
Suriname,1980,0
Suriname,1990,0
Suriname,2000,3154.8
Suriname,2010,0
Suriname,2020,3820
Sweden,1900,0
Sweden,1910,0
Sweden,1920,0
Sweden,1930,0
Sweden,1940,0
Sweden,1950,0
Sweden,1960,0
Sweden,1970,0
Sweden,1980,0
Sweden,1990,0
Sweden,2000,0
Sweden,2010,0
Sweden,2020,2700
Switzerland,1900,0
Switzerland,1910,0
Switzerland,1920,0
Switzerland,1930,0
Switzerland,1940,0
Switzerland,1950,0
Switzerland,1960,2.2
Switzerland,1970,4.8
Switzerland,1980,214
Switzerland,1990,0
Switzerland,2000,738.1
Switzerland,2010,20
Switzerland,2020,3002.6
Syria,1900,0
Syria,1910,0
Syria,1920,0
Syria,1930,0
Syria,1940,0
Syria,1950,0
Syria,1960,4000
Syria,1970,13000
Syria,1980,0
Syria,1990,13192.3
Syria,2000,106413.8
Syria,2010,66793.9
Syria,2020,2991450
Taiwan,1900,0
Taiwan,1910,0
Taiwan,1920,0
Taiwan,1930,0
Taiwan,1940,0
Taiwan,1950,0
Taiwan,1960,8210
Taiwan,1970,3100
Taiwan,1980,230.6
Taiwan,1990,42075.7
Taiwan,2000,297284.2
Taiwan,2010,4650
Taiwan,2020,80
Tajikistan,1900,0
Tajikistan,1910,0
Tajikistan,1920,0
Tajikistan,1930,0
Tajikistan,1940,0
Tajikistan,1950,0
Tajikistan,1960,0
Tajikistan,1970,0
Tajikistan,1980,0
Tajikistan,1990,31080.1
Tajikistan,2000,629324.6
Tajikistan,2010,8534.9
Tajikistan,2020,6000.4
Tanzania,1900,0
Tanzania,1910,0
Tanzania,1920,0
Tanzania,1930,0
Tanzania,1940,0
Tanzania,1950,0
Tanzania,1960,12098.3
Tanzania,1970,16900
Tanzania,1980,219755.6
Tanzania,1990,355700.5
Tanzania,2000,650384.7
Tanzania,2010,341977.7
Tanzania,2020,1016852
Thailand,1900,0
Thailand,1910,0
Thailand,1920,0
Thailand,1930,0
Thailand,1940,0
Thailand,1950,0
Thailand,1960,20000
Thailand,1970,502800
Thailand,1980,376150.1
Thailand,1990,2184029
Thailand,2000,2816604.2
Thailand,2010,4906047.5
Thailand,2020,761647.4
Togo,1900,0
Togo,1910,0
Togo,1920,0
Togo,1930,0
Togo,1940,0
Togo,1950,0
Togo,1960,0
Togo,1970,15000
Togo,1980,40000
Togo,1990,21540.5
Togo,2000,17461.5
Togo,2010,12761
Togo,2020,15119.2
Tokelau,1900,0
Tokelau,1910,0
Tokelau,1920,0
Tokelau,1930,0
Tokelau,1940,0
Tokelau,1950,0
Tokelau,1960,0
Tokelau,1970,0
Tokelau,1980,170
Tokelau,1990,0
Tokelau,2000,0
Tokelau,2010,0
Tokelau,2020,0
Tonga,1900,0
Tonga,1910,0
Tonga,1920,0
Tonga,1930,0
Tonga,1940,250
Tonga,1950,0
Tonga,1960,800
Tonga,1970,1570
Tonga,1980,10000
Tonga,1990,617.1
Tonga,2000,1700
Tonga,2010,9139.2
Tonga,2020,21835.2
Trinidad and Tobago,1900,0
Trinidad and Tobago,1910,0
Trinidad and Tobago,1920,0
Trinidad and Tobago,1930,0
Trinidad and Tobago,1940,0
Trinidad and Tobago,1950,0
Trinidad and Tobago,1960,0
Trinidad and Tobago,1970,5000
Trinidad and Tobago,1980,0
Trinidad and Tobago,1990,120
Trinidad and Tobago,2000,176
Trinidad and Tobago,2010,15000
Trinidad and Tobago,2020,20000
Tunisia,1900,0
Tunisia,1910,0
Tunisia,1920,0
Tunisia,1930,0
Tunisia,1940,0
Tunisia,1950,0
Tunisia,1960,29226.9
Tunisia,1970,7639
Tunisia,1980,3000
Tunisia,1990,15200
Tunisia,2000,3350
Tunisia,2010,3200
Tunisia,2020,9000
Turkey,1900,6000
Turkey,1910,0
Turkey,1920,0
Turkey,1930,58500
Turkey,1940,0
Turkey,1950,5000
Turkey,1960,38471.3
Turkey,1970,34154.7
Turkey,1980,163282
Turkey,1990,429329
Turkey,2000,64443.6
Turkey,2010,3226.5
Turkey,2020,1949875.6
Turkmenistan,1900,0
Turkmenistan,1910,0
Turkmenistan,1920,0
Turkmenistan,1930,0
Turkmenistan,1940,0
Turkmenistan,1950,0
Turkmenistan,1960,0
Turkmenistan,1970,0
Turkmenistan,1980,0
Turkmenistan,1990,30
Turkmenistan,2000,0
Turkmenistan,2010,0
Turkmenistan,2020,0
Turks and Caicos Islands,1900,0
Turks and Caicos Islands,1910,0
Turks and Caicos Islands,1920,0
Turks and Caicos Islands,1930,0
Turks and Caicos Islands,1940,0
Turks and Caicos Islands,1950,0
Turks and Caicos Islands,1960,0
Turks and Caicos Islands,1970,0
Turks and Caicos Islands,1980,77
Turks and Caicos Islands,1990,0
Turks and Caicos Islands,2000,170
Turks and Caicos Islands,2010,0
Turks and Caicos Islands,2020,0
Tuvalu,1900,0
Tuvalu,1910,0
Tuvalu,1920,0
Tuvalu,1930,0
Tuvalu,1940,0
Tuvalu,1950,0
Tuvalu,1960,0
Tuvalu,1970,70
Tuvalu,1980,0
Tuvalu,1990,30
Tuvalu,2000,0
Tuvalu,2010,461.3
Tuvalu,2020,3140.8
USSR,1900,14259.2
USSR,1910,0
USSR,1920,500000
USSR,1930,0
USSR,1940,0
USSR,1950,0
USSR,1960,10000
USSR,1970,0
USSR,1980,139450
USSR,1990,16048.8
USSR,2000,0
USSR,2010,0
USSR,2020,0
Uganda,1900,0
Uganda,1910,0
Uganda,1920,0
Uganda,1930,0
Uganda,1940,0
Uganda,1950,0
Uganda,1960,3000
Uganda,1970,24965.8
Uganda,1980,85234.2
Uganda,1990,46015.3
Uganda,2000,342291.3
Uganda,2010,100483.3
Uganda,2020,171402.4
Ukraine,1900,0
Ukraine,1910,0
Ukraine,1920,0
Ukraine,1930,0
Ukraine,1940,0
Ukraine,1950,0
Ukraine,1960,0
Ukraine,1970,0
Ukraine,1980,0
Ukraine,1990,203600
Ukraine,2000,64233.3
Ukraine,2010,12606.5
Ukraine,2020,12300
United Arab Emirates,1900,0
United Arab Emirates,1910,0
United Arab Emirates,1920,0
United Arab Emirates,1930,0
United Arab Emirates,1940,0
United Arab Emirates,1950,0
United Arab Emirates,1960,0
United Arab Emirates,1970,0
United Arab Emirates,1980,0
United Arab Emirates,1990,0
United Arab Emirates,2000,0
United Arab Emirates,2010,18.8
United Arab Emirates,2020,69.2
United Kingdom,1900,0
United Kingdom,1910,0
United Kingdom,1920,0
United Kingdom,1930,0
United Kingdom,1940,0
United Kingdom,1950,0
United Kingdom,1960,70
United Kingdom,1970,0
United Kingdom,1980,0
United Kingdom,1990,26713
United Kingdom,2000,37861
United Kingdom,2010,9089.5
United Kingdom,2020,96
United States,1900,0
United States,1910,0
United States,1920,0
United States,1930,0
United States,1940,0
United States,1950,0
United States,1960,45.8
United States,1970,970.6
United States,1980,117590
United States,1990,406490.3
United States,2000,2073289.1
United States,2010,8849167
United States,2020,18566.2
United States Virgin Islands,1900,0
United States Virgin Islands,1910,0
United States Virgin Islands,1920,0
United States Virgin Islands,1930,0
United States Virgin Islands,1940,0
United States Virgin Islands,1950,0
United States Virgin Islands,1960,0
United States Virgin Islands,1970,0
United States Virgin Islands,1980,200
United States Virgin Islands,1990,0
United States Virgin Islands,2000,0
United States Virgin Islands,2010,0
United States Virgin Islands,2020,0
Upper-middle-income countries,1900,30259.2
Upper-middle-income countries,1910,363500
Upper-middle-income countries,1920,2500000
Upper-middle-income countries,1930,1062486
Upper-middle-income countries,1940,23950
Upper-middle-income countries,1950,1007103
Upper-middle-income countries,1960,1104080.8
Upper-middle-income countries,1970,6401040
Upper-middle-income countries,1980,29900986
Upper-middle-income countries,1990,126660984
Upper-middle-income countries,2000,124435336
Upper-middle-income countries,2010,73985920
Upper-middle-income countries,2020,25772448
Uruguay,1900,0
Uruguay,1910,0
Uruguay,1920,0
Uruguay,1930,0
Uruguay,1940,0
Uruguay,1950,0
Uruguay,1960,3806.3
Uruguay,1970,0
Uruguay,1980,1600
Uruguay,1990,1750
Uruguay,2000,12790
Uruguay,2010,9490.5
Uruguay,2020,175299.2
Uzbekistan,1900,0
Uzbekistan,1910,0
Uzbekistan,1920,0
Uzbekistan,1930,0
Uzbekistan,1940,0
Uzbekistan,1950,0
Uzbekistan,1960,0
Uzbekistan,1970,0
Uzbekistan,1980,0
Uzbekistan,1990,5000
Uzbekistan,2000,60150
Uzbekistan,2010,0
Uzbekistan,2020,14031.8
Vanuatu,1900,0
Vanuatu,1910,0
Vanuatu,1920,0
Vanuatu,1930,0
Vanuatu,1940,0
Vanuatu,1950,0
Vanuatu,1960,0
Vanuatu,1970,0
Vanuatu,1980,16860
Vanuatu,1990,2055
Vanuatu,2000,7835.5
Vanuatu,2010,26715
Vanuatu,2020,145417
Venezuela,1900,0
Venezuela,1910,0
Venezuela,1920,0
Venezuela,1930,0
Venezuela,1940,0
Venezuela,1950,0
Venezuela,1960,10300
Venezuela,1970,0
Venezuela,1980,3978
Venezuela,1990,45254.7
Venezuela,2000,13006.6
Venezuela,2010,16546.5
Venezuela,2020,318190.4
Vietnam,1900,0
Vietnam,1910,0
Vietnam,1920,0
Vietnam,1930,0
Vietnam,1940,0
Vietnam,1950,0
Vietnam,1960,82554.1
Vietnam,1970,440500
Vietnam,1980,3124821.5
Vietnam,1990,1615277.2
Vietnam,2000,2031612.2
Vietnam,2010,1737417.8
Vietnam,2020,673077.6
Wallis and Futuna,1900,0
Wallis and Futuna,1910,0
Wallis and Futuna,1920,0
Wallis and Futuna,1930,0
Wallis and Futuna,1940,0
Wallis and Futuna,1950,0
Wallis and Futuna,1960,0
Wallis and Futuna,1970,0
Wallis and Futuna,1980,450
Wallis and Futuna,1990,0
Wallis and Futuna,2000,0
Wallis and Futuna,2010,125
Wallis and Futuna,2020,0
West Germany,1900,0
West Germany,1910,0
West Germany,1920,0
West Germany,1930,0
West Germany,1940,0
West Germany,1950,0
West Germany,1960,0
West Germany,1970,0
West Germany,1980,350
West Germany,1990,0
West Germany,2000,0
West Germany,2010,0
West Germany,2020,0
World,1900,45438.9
World,1910,366700
World,1920,2617546.2
World,1930,1068548.8
World,1940,277700.8
World,1950,1880434.5
World,1960,18345194
World,1970,52877256
World,1980,121383384
World,1990,188229040
World,2000,225708260
World,2010,179972620
World,2020,102501680
Yemen,1900,0
Yemen,1910,0
Yemen,1920,0
Yemen,1930,0
Yemen,1940,0
Yemen,1950,0
Yemen,1960,0
Yemen,1970,0
Yemen,1980,0
Yemen,1990,15349
Yemen,2000,2807.5
Yemen,2010,30008.2
Yemen,2020,203767
Yemen Arab Republic,1900,0
Yemen Arab Republic,1910,0
Yemen Arab Republic,1920,0
Yemen Arab Republic,1930,0
Yemen Arab Republic,1940,500
Yemen Arab Republic,1950,0
Yemen Arab Republic,1960,66666.6
Yemen Arab Republic,1970,138333.4
Yemen Arab Republic,1980,40000
Yemen Arab Republic,1990,0
Yemen Arab Republic,2000,0
Yemen Arab Republic,2010,0
Yemen Arab Republic,2020,0
Yemen People's Republic,1900,0
Yemen People's Republic,1910,0
Yemen People's Republic,1920,0
Yemen People's Republic,1930,0
Yemen People's Republic,1940,0
Yemen People's Republic,1950,0
Yemen People's Republic,1960,0
Yemen People's Republic,1970,0
Yemen People's Republic,1980,57500
Yemen People's Republic,1990,0
Yemen People's Republic,2000,0
Yemen People's Republic,2010,0
Yemen People's Republic,2020,0
Yugoslavia,1900,0
Yugoslavia,1910,0
Yugoslavia,1920,0
Yugoslavia,1930,0
Yugoslavia,1940,0
Yugoslavia,1950,0
Yugoslavia,1960,51140
Yugoslavia,1970,31200
Yugoslavia,1980,750
Yugoslavia,1990,0
Yugoslavia,2000,0
Yugoslavia,2010,0
Yugoslavia,2020,0
Zambia,1900,0
Zambia,1910,0
Zambia,1920,0
Zambia,1930,0
Zambia,1940,0
Zambia,1950,0
Zambia,1960,0
Zambia,1970,3000
Zambia,1980,80000
Zambia,1990,427320.4
Zambia,2000,421362
Zambia,2010,71839.6
Zambia,2020,1639988.2
Zimbabwe,1900,0
Zimbabwe,1910,0
Zimbabwe,1920,0
Zimbabwe,1930,0
Zimbabwe,1940,0
Zimbabwe,1950,0
Zimbabwe,1960,0
Zimbabwe,1970,0
Zimbabwe,1980,0
Zimbabwe,1990,505500
Zimbabwe,2000,836500
Zimbabwe,2010,1270900
Zimbabwe,2020,143307.6