Country name,Year,Number of total people affected by disasters
Afghanistan,1900,0
Afghanistan,1910,0
Afghanistan,1920,0
Afghanistan,1930,0
Afghanistan,1940,0
Afghanistan,1950,200
Afghanistan,1960,4800
Afghanistan,1970,69169.9
Afghanistan,1980,26353.8
Afghanistan,1990,53597.2
Afghanistan,2000,572076.1
Afghanistan,2010,1580831
Afghanistan,2020,2463293.2
Africa,1900,0
Africa,1910,3200
Africa,1920,0
Africa,1930,763
Africa,1940,0
Africa,1950,13427.8
Africa,1960,639226.9
Africa,1970,2745755
Africa,1980,9013469
Africa,1990,8008589
Africa,2000,17170046
Africa,2010,17738750
Africa,2020,41499696
Albania,1900,0
Albania,1910,0
Albania,1920,0
Albania,1930,304.8
Albania,1940,11
Albania,1950,0
Albania,1960,28.8
Albania,1970,35
Albania,1980,107947.2
Albania,1990,218193.4
Albania,2000,59779.7
Albania,2010,52448.9
Albania,2020,16.8
Algeria,1900,0
Algeria,1910,0
Algeria,1920,0
Algeria,1930,0
Algeria,1940,0
Algeria,1950,13425
Algeria,1960,36236.4
Algeria,1970,19600
Algeria,1980,98105.1
Algeria,1990,6818.7
Algeria,2000,41138.1
Algeria,2010,28653.9
Algeria,2020,19977
American Samoa,1900,0
American Samoa,1910,0
American Samoa,1920,0
American Samoa,1930,0
American Samoa,1940,0
American Samoa,1950,0
American Samoa,1960,0
American Samoa,1970,0
American Samoa,1980,0
American Samoa,1990,0
American Samoa,2000,2556.3
American Samoa,2010,0
American Samoa,2020,0
Angola,1900,0
Angola,1910,0
Angola,1920,0
Angola,1930,0
Angola,1940,0
Angola,1950,0
Angola,1960,0
Angola,1970,0
Angola,1980,115467.4
Angola,1990,153032.6
Angola,2000,84115.9
Angola,2010,359967.9
Angola,2020,349023.6
Anguilla,1900,0
Anguilla,1910,0
Anguilla,1920,0
Anguilla,1930,0
Anguilla,1940,0
Anguilla,1950,0
Anguilla,1960,125
Anguilla,1970,0
Anguilla,1980,0
Anguilla,1990,15
Anguilla,2000,0
Anguilla,2010,1500
Anguilla,2020,0
Antigua and Barbuda,1900,0
Antigua and Barbuda,1910,0
Antigua and Barbuda,1920,0
Antigua and Barbuda,1930,0
Antigua and Barbuda,1940,0
Antigua and Barbuda,1950,0
Antigua and Barbuda,1960,0
Antigua and Barbuda,1970,0
Antigua and Barbuda,1980,8303
Antigua and Barbuda,1990,1168.4
Antigua and Barbuda,2000,2580
Antigua and Barbuda,2010,680
Antigua and Barbuda,2020,0
Argentina,1900,0
Argentina,1910,0
Argentina,1920,0
Argentina,1930,0
Argentina,1940,15500
Argentina,1950,0
Argentina,1960,33200
Argentina,1970,16460
Argentina,1980,1240400.4
Argentina,1990,57127.4
Argentina,2000,75655.8
Argentina,2010,77757.7
Argentina,2020,199786.4
Armenia,1900,0
Armenia,1910,0
Armenia,1920,0
Armenia,1930,0
Armenia,1940,0
Armenia,1950,0
Armenia,1960,0
Armenia,1970,0
Armenia,1980,0
Armenia,1990,2214.4
Armenia,2000,29700
Armenia,2010,9835
Armenia,2020,4167.2
Asia,1900,10181.3
Asia,1910,371104
Asia,1920,2155599.2
Asia,1930,1476076.1
Asia,1940,313822.9
Asia,1950,1872982.4
Asia,1960,17385004
Asia,1970,47677144
Asia,1980,107903280
Asia,1990,180231260
Asia,2000,203505250
Asia,2010,142132820
Asia,2020,52812420
Australia,1900,0
Australia,1910,0
Australia,1920,0
Australia,1930,390
Australia,1940,210
Australia,1950,0
Australia,1960,919
Australia,1970,6774
Australia,1980,9422.7
Australia,1990,1564768.6
Australia,2000,9805.1
Australia,2010,34907.3
Australia,2020,56599.2
Austria,1900,0
Austria,1910,0
Austria,1920,0
Austria,1930,0
Austria,1940,0
Austria,1950,38
Austria,1960,0
Austria,1970,0
Austria,1980,0
Austria,1990,1000
Austria,2000,6171.6
Austria,2010,53
Austria,2020,2.6
Azerbaijan,1900,0
Azerbaijan,1910,0
Azerbaijan,1920,0
Azerbaijan,1930,0
Azerbaijan,1940,0
Azerbaijan,1950,0
Azerbaijan,1960,0
Azerbaijan,1970,0
Azerbaijan,1980,0
Azerbaijan,1990,244297.8
Azerbaijan,2000,3979.4
Azerbaijan,2010,9249.9
Azerbaijan,2020,0
Bahamas,1900,0
Bahamas,1910,0
Bahamas,1920,0
Bahamas,1930,0
Bahamas,1940,0
Bahamas,1950,0
Bahamas,1960,120.3
Bahamas,1970,0
Bahamas,1980,0
Bahamas,1990,170
Bahamas,2000,2050
Bahamas,2010,3265
Bahamas,2020,0
Bangladesh,1900,0
Bangladesh,1910,0
Bangladesh,1920,2500
Bangladesh,1930,0
Bangladesh,1940,0
Bangladesh,1950,0
Bangladesh,1960,3626622.8
Bangladesh,1970,5634981
Bangladesh,1980,16554406
Bangladesh,1990,8187303
Bangladesh,2000,7210707.5
Bangladesh,2010,3952970.2
Bangladesh,2020,4213406.5
Barbados,1900,0
Barbados,1910,0
Barbados,1920,0
Barbados,1930,0
Barbados,1940,0
Barbados,1950,0
Barbados,1960,0
Barbados,1970,21
Barbados,1980,533.7
Barbados,1990,0
Barbados,2000,288.1
Barbados,2010,250
Barbados,2020,695.8
Belarus,1900,0
Belarus,1910,0
Belarus,1920,0
Belarus,1930,0
Belarus,1940,0
Belarus,1950,0
Belarus,1960,0
Belarus,1970,0
Belarus,1980,0
Belarus,1990,6339
Belarus,2000,182
Belarus,2010,14349.4
Belarus,2020,84
Belgium,1900,0
Belgium,1910,0
Belgium,1920,600
Belgium,1930,0
Belgium,1940,0
Belgium,1950,35
Belgium,1960,10
Belgium,1970,60
Belgium,1980,103
Belgium,1990,258
Belgium,2000,261.2
Belgium,2010,76.1
Belgium,2020,20990
Belize,1900,0
Belize,1910,0
Belize,1920,0
Belize,1930,0
Belize,1940,0
Belize,1950,0
Belize,1960,0
Belize,1970,9300
Belize,1980,0
Belize,1990,6260
Belize,2000,15057
Belize,2010,3035.5
Belize,2020,46430
Benin,1900,0
Benin,1910,0
Benin,1920,0
Benin,1930,0
Benin,1940,0
Benin,1950,0
Benin,1960,0
Benin,1970,12220
Benin,1980,323900
Benin,1990,83419.6
Benin,2000,28957.6
Benin,2010,92733.4
Benin,2020,23170
Bermuda,1900,0
Bermuda,1910,0
Bermuda,1920,0
Bermuda,1930,0
Bermuda,1940,0
Bermuda,1950,0
Bermuda,1960,0
Bermuda,1970,0
Bermuda,1980,4
Bermuda,1990,0
Bermuda,2000,0
Bermuda,2010,0
Bermuda,2020,0
Bhutan,1900,0
Bhutan,1910,0
Bhutan,1920,0
Bhutan,1930,0
Bhutan,1940,0
Bhutan,1950,0
Bhutan,1960,0
Bhutan,1970,0
Bhutan,1980,0
Bhutan,1990,6560
Bhutan,2000,101.2
Bhutan,2010,2001.6
Bhutan,2020,100.4
Bolivia,1900,0
Bolivia,1910,0
Bolivia,1920,0
Bolivia,1930,0
Bolivia,1940,0
Bolivia,1950,0
Bolivia,1960,3280
Bolivia,1970,28600
Bolivia,1980,351152.4
Bolivia,1990,75478.3
Bolivia,2000,159157.7
Bolivia,2010,271017.5
Bolivia,2020,601144.8
Bosnia and Herzegovina,1900,0
Bosnia and Herzegovina,1910,0
Bosnia and Herzegovina,1920,0
Bosnia and Herzegovina,1930,0
Bosnia and Herzegovina,1940,0
Bosnia and Herzegovina,1950,0
Bosnia and Herzegovina,1960,0
Bosnia and Herzegovina,1970,0
Bosnia and Herzegovina,1980,0
Bosnia and Herzegovina,1990,109
Bosnia and Herzegovina,2000,36680.8
Bosnia and Herzegovina,2010,104661.6
Bosnia and Herzegovina,2020,55814.4
Botswana,1900,0
Botswana,1910,0
Botswana,1920,0
Botswana,1930,0
Botswana,1940,0
Botswana,1950,0
Botswana,1960,12000
Botswana,1970,8860
Botswana,1980,104930.7
Botswana,1990,10550
Botswana,2000,14879.2
Botswana,2010,4968.5
Botswana,2020,0
Brazil,1900,0
Brazil,1910,0
Brazil,1920,0
Brazil,1930,0
Brazil,1940,0
Brazil,1950,0
Brazil,1960,482598.6
Brazil,1970,1790307.1
Brazil,1980,2969320
Brazil,1990,1034124.3
Brazil,2000,659876
Brazil,2010,4421664
Brazil,2020,638393.4
British Virgin Islands,1900,0
British Virgin Islands,1910,0
British Virgin Islands,1920,0
British Virgin Islands,1930,0
British Virgin Islands,1940,0
British Virgin Islands,1950,0
British Virgin Islands,1960,0
British Virgin Islands,1970,0
British Virgin Islands,1980,0
British Virgin Islands,1990,0.3
British Virgin Islands,2000,0
British Virgin Islands,2010,0
British Virgin Islands,2020,0
Brunei,1900,0
Brunei,1910,0
Brunei,1920,0
Brunei,1930,0
Brunei,1940,0
Brunei,1950,0
Brunei,1960,0
Brunei,1970,0
Brunei,1980,0
Brunei,1990,0
Brunei,2000,0
Brunei,2010,0
Brunei,2020,0
Bulgaria,1900,0
Bulgaria,1910,0
Bulgaria,1920,0
Bulgaria,1930,0
Bulgaria,1940,0
Bulgaria,1950,0
Bulgaria,1960,0
Bulgaria,1970,16.5
Bulgaria,1980,306
Bulgaria,1990,637.3
Bulgaria,2000,1404.3
Bulgaria,2010,4739.7
Bulgaria,2020,3099.6
Burkina Faso,1900,0
Burkina Faso,1910,0
Burkina Faso,1920,0
Burkina Faso,1930,0
Burkina Faso,1940,0
Burkina Faso,1950,0
Burkina Faso,1960,10872.8
Burkina Faso,1970,130917.2
Burkina Faso,1980,148539.6
Burkina Faso,1990,276435
Burkina Faso,2000,31514.3
Burkina Faso,2010,708045.8
Burkina Faso,2020,1306276
Burundi,1900,0
Burundi,1910,0
Burundi,1920,0
Burundi,1930,0
Burundi,1940,0
Burundi,1950,0
Burundi,1960,0
Burundi,1970,0
Burundi,1980,360
Burundi,1990,10347
Burundi,2000,296424.6
Burundi,2010,20443.7
Burundi,2020,19866
Cambodia,1900,0
Cambodia,1910,0
Cambodia,1920,0
Cambodia,1930,0
Cambodia,1940,0
Cambodia,1950,0
Cambodia,1960,0
Cambodia,1970,0
Cambodia,1980,0
Cambodia,1990,788937.9
Cambodia,2000,837232.6
Cambodia,2010,671109
Cambodia,2020,190991.2
Cameroon,1900,0
Cameroon,1910,0
Cameroon,1920,0
Cameroon,1930,0
Cameroon,1940,0
Cameroon,1950,0
Cameroon,1960,0
Cameroon,1970,40000
Cameroon,1980,1143.7
Cameroon,1990,19111
Cameroon,2000,3739.6
Cameroon,2010,36077
Cameroon,2020,514174.8
Canada,1900,4.1
Canada,1910,292.2
Canada,1920,1100
Canada,1930,2247.3
Canada,1940,252.7
Canada,1950,10900.6
Canada,1960,2.2
Canada,1970,184
Canada,1980,7035
Canada,1990,7800.4
Canada,2000,1924.3
Canada,2010,30874.4
Canada,2020,25187.6
Cape Verde,1900,0
Cape Verde,1910,0
Cape Verde,1920,0
Cape Verde,1930,0
Cape Verde,1940,0
Cape Verde,1950,0
Cape Verde,1960,0
Cape Verde,1970,0
Cape Verde,1980,772.2
Cape Verde,1990,1630.6
Cape Verde,2000,3015
Cape Verde,2010,7250
Cape Verde,2020,14218.6
Cayman Islands,1900,0
Cayman Islands,1910,0
Cayman Islands,1920,0
Cayman Islands,1930,0
Cayman Islands,1940,0
Cayman Islands,1950,0
Cayman Islands,1960,0
Cayman Islands,1970,0
Cayman Islands,1980,0
Cayman Islands,1990,0
Cayman Islands,2000,30
Cayman Islands,2010,0
Cayman Islands,2020,0
Central African Republic,1900,0
Central African Republic,1910,0
Central African Republic,1920,0
Central African Republic,1930,0
Central African Republic,1940,0
Central African Republic,1950,0
Central African Republic,1960,0
Central African Republic,1970,1300
Central African Republic,1980,185
Central African Republic,1990,7661.8
Central African Republic,2000,7307.2
Central African Republic,2010,10520.5
Central African Republic,2020,475943.6
Chad,1900,0
Chad,1910,0
Chad,1920,0
Chad,1930,0
Chad,1940,0
Chad,1950,0
Chad,1960,2450.4
Chad,1970,87559.6
Chad,1980,154919.8
Chad,1990,91120.6
Chad,2000,148244.5
Chad,2010,633929.8
Chad,2020,708341
Chile,1900,0
Chile,1910,0
Chile,1920,0
Chile,1930,5850
Chile,1940,20.8
Chile,1950,9
Chile,1960,244186.8
Chile,1970,258326.1
Chile,1980,210440.2
Chile,1990,33541.8
Chile,2000,76443
Chile,2010,417453.4
Chile,2020,20407.2
China,1900,1000
China,1910,363511.2
China,1920,2013539.4
China,1930,1370072.6
China,1940,10867
China,1950,1015373.3
China,1960,5589.5
China,1970,1775347.6
China,1980,23598502
China,1990,125194510
China,2000,114472120
China,2010,58378924
China,2020,8281210.5
Colombia,1900,0
Colombia,1910,0
Colombia,1920,0
Colombia,1930,0
Colombia,1940,0
Colombia,1950,4004.6
Colombia,1960,11158.3
Colombia,1970,523193.6
Colombia,1980,58147.6
Colombia,1990,192571.5
Colombia,2000,557438.7
Colombia,2010,484758.7
Colombia,2020,149686.6
Comoros,1900,0
Comoros,1910,0
Comoros,1920,0
Comoros,1930,0
Comoros,1940,0
Comoros,1950,0
Comoros,1960,0
Comoros,1970,2500
Comoros,1980,11505.2
Comoros,1990,20
Comoros,2000,28680
Comoros,2010,42995.9
Comoros,2020,0
Congo,1900,0
Congo,1910,0
Congo,1920,0
Congo,1930,0
Congo,1940,0
Congo,1950,0
Congo,1960,66.8
Congo,1970,0
Congo,1980,0
Congo,1990,7850
Congo,2000,8500
Congo,2010,6373.6
Congo,2020,87241.8
Cook Islands,1900,0
Cook Islands,1910,0
Cook Islands,1920,0
Cook Islands,1930,0
Cook Islands,1940,0
Cook Islands,1950,0
Cook Islands,1960,0
Cook Islands,1970,0
Cook Islands,1980,200
Cook Islands,1990,90
Cook Islands,2000,135.2
Cook Islands,2010,220.2
Cook Islands,2020,0
Costa Rica,1900,0
Costa Rica,1910,0
Costa Rica,1920,0
Costa Rica,1930,0
Costa Rica,1940,0
Costa Rica,1950,0
Costa Rica,1960,2547.4
Costa Rica,1970,8898.5
Costa Rica,1980,14688.5
Costa Rica,1990,102385.1
Costa Rica,2000,46933.6
Costa Rica,2010,27489.2
Costa Rica,2020,105000
Cote d'Ivoire,1900,0
Cote d'Ivoire,1910,0
Cote d'Ivoire,1920,0
Cote d'Ivoire,1930,0
Cote d'Ivoire,1940,0
Cote d'Ivoire,1950,0
Cote d'Ivoire,1960,0
Cote d'Ivoire,1970,0
Cote d'Ivoire,1980,700
Cote d'Ivoire,1990,0
Cote d'Ivoire,2000,1245.6
Cote d'Ivoire,2010,4629.6
Cote d'Ivoire,2020,6049.8
Croatia,1900,0
Croatia,1910,0
Croatia,1920,0
Croatia,1930,0
Croatia,1940,0
Croatia,1950,0
Croatia,1960,0
Croatia,1970,0
Croatia,1980,0
Croatia,1990,200
Croatia,2000,227.6
Croatia,2010,1704.2
Croatia,2020,46925.2
Cuba,1900,0
Cuba,1910,0
Cuba,1920,0
Cuba,1930,50
Cuba,1940,30
Cuba,1950,0
Cuba,1960,17403
Cuba,1970,1817.8
Cuba,1980,100547.8
Cuba,1990,253480.4
Cuba,2000,983922.7
Cuba,2010,1056206.8
Cuba,2020,646382.6
Cyprus,1900,0
Cyprus,1910,0
Cyprus,1920,0
Cyprus,1930,0
Cyprus,1940,0
Cyprus,1950,260
Cyprus,1960,310
Cyprus,1970,0
Cyprus,1980,0
Cyprus,1990,196.5
Cyprus,2000,44
Cyprus,2010,0
Cyprus,2020,123.6
Czechia,1900,0
Czechia,1910,0
Czechia,1920,0
Czechia,1930,0
Czechia,1940,0
Czechia,1950,0
Czechia,1960,0
Czechia,1970,0
Czechia,1980,0
Czechia,1990,10216.7
Czechia,2000,21878
Czechia,2010,130140
Czechia,2020,764.6
Czechoslovakia,1900,0
Czechoslovakia,1910,0
Czechoslovakia,1920,0
Czechoslovakia,1930,0
Czechoslovakia,1940,0
Czechoslovakia,1950,0
Czechoslovakia,1960,0
Czechoslovakia,1970,0
Czechoslovakia,1980,60
Czechoslovakia,1990,0
Czechoslovakia,2000,0
Czechoslovakia,2010,0
Czechoslovakia,2020,0
Democratic Republic of Congo,1900,0
Democratic Republic of Congo,1910,0
Democratic Republic of Congo,1920,0
Democratic Republic of Congo,1930,0
Democratic Republic of Congo,1940,0
Democratic Republic of Congo,1950,0
Democratic Republic of Congo,1960,436.8
Democratic Republic of Congo,1970,56000
Democratic Republic of Congo,1980,30014.8
Democratic Republic of Congo,1990,14136.7
Democratic Republic of Congo,2000,26954
Democratic Republic of Congo,2010,76892.4
Democratic Republic of Congo,2020,5361560
Denmark,1900,0
Denmark,1910,0
Denmark,1920,0
Denmark,1930,0
Denmark,1940,0
Denmark,1950,0
Denmark,1960,0
Denmark,1970,0
Denmark,1980,0
Denmark,1990,0
Denmark,2000,0
Denmark,2010,0
Denmark,2020,0.6
Djibouti,1900,0
Djibouti,1910,0
Djibouti,1920,0
Djibouti,1930,0
Djibouti,1940,0
Djibouti,1950,0
Djibouti,1960,0
Djibouti,1970,19700
Djibouti,1980,50730
Djibouti,1990,24077.5
Djibouti,2000,73275
Djibouti,2010,47525.8
Djibouti,2020,60433.6
Dominica,1900,0
Dominica,1910,0
Dominica,1920,0
Dominica,1930,0
Dominica,1940,0
Dominica,1950,0
Dominica,1960,0
Dominica,1970,7210
Dominica,1980,1071
Dominica,1990,571.6
Dominica,2000,763
Dominica,2010,10022.7
Dominica,2020,0
Dominican Republic,1900,0
Dominican Republic,1910,0
Dominican Republic,1920,0
Dominican Republic,1930,1200
Dominican Republic,1940,0
Dominican Republic,1950,0
Dominican Republic,1960,25294.2
Dominican Republic,1970,155500
Dominican Republic,1980,134404.5
Dominican Republic,1990,102442.5
Dominican Republic,2000,30026.9
Dominican Republic,2010,303314.3
Dominican Republic,2020,372293.6
East Germany,1900,0
East Germany,1910,0
East Germany,1920,0
East Germany,1930,0
East Germany,1940,0
East Germany,1950,0
East Germany,1960,0
East Germany,1970,0
East Germany,1980,0
East Germany,1990,0
East Germany,2000,0
East Germany,2010,0
East Germany,2020,0
East Timor,1900,0
East Timor,1910,0
East Timor,1920,0
East Timor,1930,0
East Timor,1940,0
East Timor,1950,0
East Timor,1960,0
East Timor,1970,0
East Timor,1980,0
East Timor,1990,0
East Timor,2000,1323.5
East Timor,2010,12200.3
East Timor,2020,30560.2
Ecuador,1900,0
Ecuador,1910,0
Ecuador,1920,0
Ecuador,1930,0
Ecuador,1940,10000
Ecuador,1950,0
Ecuador,1960,67050
Ecuador,1970,31611.8
Ecuador,1980,109684.6
Ecuador,1990,42741.7
Ecuador,2000,94416
Ecuador,2010,156595.4
Ecuador,2020,109597
Egypt,1900,0
Egypt,1910,0
Egypt,1920,0
Egypt,1930,0
Egypt,1940,0
Egypt,1950,2.8
Egypt,1960,55.1
Egypt,1970,8100
Egypt,1980,1.1
Egypt,1990,25720.6
Egypt,2000,196.4
Egypt,2010,3631.3
Egypt,2020,5327
El Salvador,1900,0
El Salvador,1910,0
El Salvador,1920,0
El Salvador,1930,0
El Salvador,1940,0
El Salvador,1950,0
El Salvador,1960,14436
El Salvador,1970,0
El Salvador,1980,90956
El Salvador,1990,10095
El Salvador,2000,218264.4
El Salvador,2010,149205.1
El Salvador,2020,32107.6
Eritrea,1900,0
Eritrea,1910,0
Eritrea,1920,0
Eritrea,1930,0
Eritrea,1940,0
Eritrea,1950,0
Eritrea,1960,0
Eritrea,1970,0
Eritrea,1980,0
Eritrea,1990,175192.7
Eritrea,2000,387076.1
Eritrea,2010,0
Eritrea,2020,0
Estonia,1900,0
Estonia,1910,0
Estonia,1920,0
Estonia,1930,0
Estonia,1940,0
Estonia,1950,0
Estonia,1960,0
Estonia,1970,0
Estonia,1980,0
Estonia,1990,0
Estonia,2000,10
Estonia,2010,0
Estonia,2020,0
Eswatini,1900,0
Eswatini,1910,0
Eswatini,1920,0
Eswatini,1930,0
Eswatini,1940,0
Eswatini,1950,0
Eswatini,1960,0
Eswatini,1970,0
Eswatini,1980,63250
Eswatini,1990,25000
Eswatini,2000,166368.5
Eswatini,2010,72440
Eswatini,2020,211.6
Ethiopia,1900,0
Ethiopia,1910,0
Ethiopia,1920,0
Ethiopia,1930,0
Ethiopia,1940,0
Ethiopia,1950,0
Ethiopia,1960,321658.5
Ethiopia,1970,308700
Ethiopia,1980,1515702.2
Ethiopia,1990,924841.2
Ethiopia,2000,3023010
Ethiopia,2010,1955974.1
Ethiopia,2020,6526937
Europe,1900,31637.2
Europe,1910,66.9
Europe,1920,500600
Europe,1930,3589.7
Europe,1940,6062.5
Europe,1950,65452.5
Europe,1960,223819.6
Europe,1970,419658.3
Europe,1980,452991.3
Europe,1990,1892655.6
Europe,2000,932068
Europe,2010,516432.9
Europe,2020,643066
European Union (27),1900,17372
European Union (27),1910,66.9
European Union (27),1920,600
European Union (27),1930,3264.1
European Union (27),1940,6051.5
European Union (27),1950,65452.5
European Union (27),1960,147587
European Union (27),1970,386856.4
European Union (27),1980,143910.6
European Union (27),1990,1177428.8
European Union (27),2000,130371.8
European Union (27),2010,253943.4
European Union (27),2020,538583.4
Fiji,1900,0
Fiji,1910,0
Fiji,1920,0
Fiji,1930,0
Fiji,1940,0
Fiji,1950,80
Fiji,1960,2800
Fiji,1970,18505
Fiji,1980,62546.5
Fiji,1990,43673
Fiji,2000,5136.2
Fiji,2010,86658.4
Fiji,2020,117486
Finland,1900,0
Finland,1910,0
Finland,1920,0
Finland,1930,0
Finland,1940,0
Finland,1950,0
Finland,1960,0
Finland,1970,0
Finland,1980,0
Finland,1990,0
Finland,2000,40
Finland,2010,0
Finland,2020,0
France,1900,0
France,1910,0
France,1920,0
France,1930,0
France,1940,0
France,1950,0
France,1960,110
France,1970,2603.9
France,1980,649.3
France,1990,352688.2
France,2000,6203.6
France,2010,52883.4
France,2020,120991.4
French Guiana,1900,0
French Guiana,1910,0
French Guiana,1920,0
French Guiana,1930,0
French Guiana,1940,0
French Guiana,1950,0
French Guiana,1960,0
French Guiana,1970,0
French Guiana,1980,0
French Guiana,1990,7000
French Guiana,2000,0.5
French Guiana,2010,0
French Guiana,2020,27.8
French Polynesia,1900,0
French Polynesia,1910,0
French Polynesia,1920,0
French Polynesia,1930,0
French Polynesia,1940,0
French Polynesia,1950,0
French Polynesia,1960,0
French Polynesia,1970,0
French Polynesia,1980,505
French Polynesia,1990,51.1
French Polynesia,2000,0
French Polynesia,2010,841.5
French Polynesia,2020,0
Gabon,1900,0
Gabon,1910,0
Gabon,1920,0
Gabon,1930,0
Gabon,1940,0
Gabon,1950,0
Gabon,1960,0
Gabon,1970,0
Gabon,1980,1000
Gabon,1990,0
Gabon,2000,80
Gabon,2010,8137.5
Gabon,2020,600
Gambia,1900,0
Gambia,1910,0
Gambia,1920,0
Gambia,1930,0
Gambia,1940,0
Gambia,1950,0
Gambia,1960,18000
Gambia,1970,15500
Gambia,1980,50000
Gambia,1990,3600
Gambia,2000,3201.4
Gambia,2010,56846.2
Gambia,2020,6830
Georgia,1900,0
Georgia,1910,0
Georgia,1920,0
Georgia,1930,0
Georgia,1940,0
Georgia,1950,0
Georgia,1960,0
Georgia,1970,0
Georgia,1980,0
Georgia,1990,455
Georgia,2000,72655.2
Georgia,2010,16308.7
Georgia,2020,72422.6
Germany,1900,0
Germany,1910,0
Germany,1920,0
Germany,1930,0
Germany,1940,0
Germany,1950,0
Germany,1960,0
Germany,1970,0
Germany,1980,0
Germany,1990,23674
Germany,2000,33232.4
Germany,2010,698.9
Germany,2020,327.8
Ghana,1900,0
Ghana,1910,0
Ghana,1920,0
Ghana,1930,763
Ghana,1940,0
Ghana,1950,0
Ghana,1960,2500
Ghana,1970,1200
Ghana,1980,1250430
Ghana,1990,302460.2
Ghana,2000,69637
Ghana,2010,126733.2
Ghana,2020,9328
Greece,1900,162
Greece,1910,0
Greece,1920,0
Greece,1930,2264.1
Greece,1940,4639.5
Greece,1950,16815.9
Greece,1960,8082.7
Greece,1970,60170
Greece,1980,12687.9
Greece,1990,15199.5
Greece,2000,2433.8
Greece,2010,8979.1
Greece,2020,18831.4
Grenada,1900,0
Grenada,1910,0
Grenada,1920,0
Grenada,1930,0
Grenada,1940,0
Grenada,1950,0
Grenada,1960,0
Grenada,1970,0
Grenada,1980,0
Grenada,1990,121
Grenada,2000,6007.5
Grenada,2010,0
Grenada,2020,0
Guadeloupe,1900,0
Guadeloupe,1910,0
Guadeloupe,1920,0
Guadeloupe,1930,0
Guadeloupe,1940,0
Guadeloupe,1950,0
Guadeloupe,1960,2010
Guadeloupe,1970,7500.3
Guadeloupe,1980,1108.4
Guadeloupe,1990,89.9
Guadeloupe,2000,15.3
Guadeloupe,2010,8000.2
Guadeloupe,2020,0
Guam,1900,0
Guam,1910,0
Guam,1920,0
Guam,1930,0
Guam,1940,0
Guam,1950,0
Guam,1960,0
Guam,1970,0
Guam,1980,50.2
Guam,1990,1203.3
Guam,2000,1544.4
Guam,2010,0
Guam,2020,20000
Guatemala,1900,0
Guatemala,1910,0
Guatemala,1920,0
Guatemala,1930,0
Guatemala,1940,0
Guatemala,1950,0
Guatemala,1960,1020
Guatemala,1970,499604
Guatemala,1980,12485.6
Guatemala,1990,15027.9
Guatemala,2000,342174.2
Guatemala,2010,757823.6
Guatemala,2020,2160355.5
Guinea,1900,0
Guinea,1910,0
Guinea,1920,0
Guinea,1930,0
Guinea,1940,0
Guinea,1950,0
Guinea,1960,0
Guinea,1970,0
Guinea,1980,4643.6
Guinea,1990,606.6
Guinea,2000,28686.2
Guinea,2010,11268.2
Guinea,2020,39162.6
Guinea-Bissau,1900,0
Guinea-Bissau,1910,0
Guinea-Bissau,1920,0
Guinea-Bissau,1930,0
Guinea-Bissau,1940,0
Guinea-Bissau,1950,0
Guinea-Bissau,1960,0
Guinea-Bissau,1970,0
Guinea-Bissau,1980,370.3
Guinea-Bissau,1990,322.2
Guinea-Bissau,2000,13375
Guinea-Bissau,2010,6833.3
Guinea-Bissau,2020,0
Guyana,1900,0
Guyana,1910,0
Guyana,1920,0
Guyana,1930,0
Guyana,1940,0
Guyana,1950,0
Guyana,1960,0
Guyana,1970,2100
Guyana,1980,0
Guyana,1990,64520
Guyana,2000,40977.4
Guyana,2010,20227.4
Guyana,2020,7000
Haiti,1900,0
Haiti,1910,0
Haiti,1920,0
Haiti,1930,0
Haiti,1940,0
Haiti,1950,25000
Haiti,1960,35809.8
Haiti,1970,99811
Haiti,1980,232066.1
Haiti,1990,260423.4
Haiti,2000,115657.7
Haiti,2010,1108341.4
Haiti,2020,154867.6
High-income countries,1900,29013.8
High-income countries,1910,940.5
High-income countries,1920,31068.9
High-income countries,1930,41504.6
High-income countries,1940,301675.8
High-income countries,1950,643029.6
High-income countries,1960,1228929.5
High-income countries,1970,841937.8
High-income countries,1980,653761.1
High-income countries,1990,3552049.2
High-income countries,2000,2940099.2
High-income countries,2010,10385586
High-income countries,2020,989193.4
Honduras,1900,0
Honduras,1910,0
Honduras,1920,0
Honduras,1930,0
Honduras,1940,0
Honduras,1950,0
Honduras,1960,11400.2
Honduras,1970,96250
Honduras,1980,6663.7
Honduras,1990,286097
Honduras,2000,115794.4
Honduras,2010,317506.3
Honduras,2020,1089080.4
Hong Kong,1900,0
Hong Kong,1910,0
Hong Kong,1920,0
Hong Kong,1930,0
Hong Kong,1940,0
Hong Kong,1950,11.1
Hong Kong,1960,4231
Hong Kong,1970,5290.8
Hong Kong,1980,2218.3
Hong Kong,1990,839.9
Hong Kong,2000,409
Hong Kong,2010,1545.6
Hong Kong,2020,76
Hungary,1900,0
Hungary,1910,0
Hungary,1920,0
Hungary,1930,0
Hungary,1940,0
Hungary,1950,0
Hungary,1960,0
Hungary,1970,0
Hungary,1980,0
Hungary,1990,13369.5
Hungary,2000,4662.3
Hungary,2010,22644.5
Hungary,2020,0
Iceland,1900,0
Iceland,1910,0
Iceland,1920,0
Iceland,1930,0
Iceland,1940,0
Iceland,1950,0
Iceland,1960,0
Iceland,1970,520.6
Iceland,1980,28
Iceland,1990,8.3
Iceland,2000,19.9
Iceland,2010,0
Iceland,2020,733
India,1900,0
India,1910,0
India,1920,104201
India,1930,0
India,1940,3200
India,1950,252521.9
India,1960,11753597
India,1970,34372424
India,1980,59307024
India,1990,31496658
India,2000,61048550
India,2010,47262224
India,2020,8188694
Indonesia,1900,0
Indonesia,1910,2
Indonesia,1920,1130
Indonesia,1930,993.5
Indonesia,1940,1609.6
Indonesia,1950,341.1
Indonesia,1960,149720.3
Indonesia,1970,475079.7
Indonesia,1980,209845.6
Indonesia,1990,703907.4
Indonesia,2000,1164035.8
Indonesia,2010,678475.1
Indonesia,2020,5004864.5
Iran,1900,0
Iran,1910,0
Iran,1920,112.1
Iran,1930,0
Iran,1940,600
Iran,1950,1598.4
Iran,1960,86052
Iran,1970,51529.4
Iran,1980,135556.3
Iran,1990,1205469
Iran,2000,2926667
Iran,2010,1082601.5
Iran,2020,1242373.4
Iraq,1900,0
Iraq,1910,0
Iraq,1920,0
Iraq,1930,0
Iraq,1940,0
Iraq,1950,0
Iraq,1960,57666.6
Iraq,1970,33333.4
Iraq,1980,0
Iraq,1990,50
Iraq,2000,7151
Iraq,2010,10383.5
Iraq,2020,1403440.6
Ireland,1900,0
Ireland,1910,0
Ireland,1920,0
Ireland,1930,0
Ireland,1940,0
Ireland,1950,0
Ireland,1960,0
Ireland,1970,0
Ireland,1980,0
Ireland,1990,350
Ireland,2000,50
Ireland,2010,90
Ireland,2020,0
Isle of Man,1900,0
Isle of Man,1910,0
Isle of Man,1920,0
Isle of Man,1930,0
Isle of Man,1940,0
Isle of Man,1950,0
Isle of Man,1960,0
Isle of Man,1970,0
Isle of Man,1980,0
Isle of Man,1990,0
Isle of Man,2000,0
Isle of Man,2010,0
Isle of Man,2020,0
Israel,1900,0
Israel,1910,0
Israel,1920,0
Israel,1930,0
Israel,1940,0
Israel,1950,0
Israel,1960,0
Israel,1970,1.3
Israel,1980,0
Israel,1990,124
Israel,2000,41
Israel,2010,208335.9
Israel,2020,4.2
Italy,1900,17210
Italy,1910,66.9
Italy,1920,0
Italy,1930,1000
Italy,1940,1400
Italy,1950,18296.6
Italy,1960,138856.3
Italy,1970,156868.5
Italy,1980,45496
Italy,1990,7270.3
Italy,2000,12896.5
Italy,2010,7895.6
Italy,2020,12362.4
Jamaica,1900,9000
Jamaica,1910,9482
Jamaica,1920,130
Jamaica,1930,0
Jamaica,1940,400
Jamaica,1950,2020
Jamaica,1960,10000
Jamaica,1970,25251
Jamaica,1980,90630.9
Jamaica,1990,55651.2
Jamaica,2000,42941
Jamaica,2010,43990.1
Jamaica,2020,0
Japan,1900,312.9
Japan,1910,318.6
Japan,1920,29327.2
Japan,1930,2761.1
Japan,1940,294222
Japan,1950,565328.5
Japan,1960,438829.6
Japan,1970,39914.3
Japan,1980,60250.5
Japan,1990,110397.9
Japan,2000,164000.8
Japan,2010,344689.6
Japan,2020,75150
Jordan,1900,0
Jordan,1910,0
Jordan,1920,0
Jordan,1930,0
Jordan,1940,0
Jordan,1950,0
Jordan,1960,629.2
Jordan,1970,0
Jordan,1980,2.9
Jordan,1990,19800
Jordan,2000,15023.7
Jordan,2010,6.4
Jordan,2020,400
Kazakhstan,1900,0
Kazakhstan,1910,0
Kazakhstan,1920,0
Kazakhstan,1930,0
Kazakhstan,1940,0
Kazakhstan,1950,0
Kazakhstan,1960,0
Kazakhstan,1970,0
Kazakhstan,1980,0
Kazakhstan,1990,63800
Kazakhstan,2000,8080.6
Kazakhstan,2010,8237.9
Kazakhstan,2020,23860
Kenya,1900,0
Kenya,1910,0
Kenya,1920,0
Kenya,1930,0
Kenya,1940,0
Kenya,1950,0
Kenya,1960,27500
Kenya,1970,20597.2
Kenya,1980,62302.8
Kenya,1990,703385.3
Kenya,2000,3322066
Kenya,2010,1713908.2
Kenya,2020,1154748.2
Kiribati,1900,0
Kiribati,1910,0
Kiribati,1920,0
Kiribati,1930,0
Kiribati,1940,0
Kiribati,1950,0
Kiribati,1960,0
Kiribati,1970,70
Kiribati,1980,0
Kiribati,1990,8400
Kiribati,2000,8.5
Kiribati,2010,172
Kiribati,2020,0
Kuwait,1900,0
Kuwait,1910,0
Kuwait,1920,0
Kuwait,1930,0
Kuwait,1940,0
Kuwait,1950,0
Kuwait,1960,0
Kuwait,1970,0
Kuwait,1980,0
Kuwait,1990,20
Kuwait,2000,0
Kuwait,2010,0
Kuwait,2020,0
Kyrgyzstan,1900,0
Kyrgyzstan,1910,0
Kyrgyzstan,1920,0
Kyrgyzstan,1930,0
Kyrgyzstan,1940,0
Kyrgyzstan,1950,0
Kyrgyzstan,1960,0
Kyrgyzstan,1970,0
Kyrgyzstan,1980,0
Kyrgyzstan,1990,20426.4
Kyrgyzstan,2000,202952.8
Kyrgyzstan,2010,4123.5
Kyrgyzstan,2020,2770
Laos,1900,0
Laos,1910,0
Laos,1920,0
Laos,1930,0
Laos,1940,0
Laos,1950,0
Laos,1960,8160
Laos,1970,407400
Laos,1980,73200
Laos,1990,286086.2
Laos,2000,138607.7
Laos,2010,237201.6
Laos,2020,41640.2
Latvia,1900,0
Latvia,1910,0
Latvia,1920,0
Latvia,1930,0
Latvia,1940,0
Latvia,1950,0
Latvia,1960,0
Latvia,1970,0
Latvia,1980,0
Latvia,1990,0
Latvia,2000,0
Latvia,2010,0
Latvia,2020,40
Lebanon,1900,0
Lebanon,1910,0
Lebanon,1920,0
Lebanon,1930,0
Lebanon,1940,0
Lebanon,1950,20
Lebanon,1960,0
Lebanon,1970,0
Lebanon,1980,150
Lebanon,1990,10407.5
Lebanon,2000,1751.5
Lebanon,2010,101270.1
Lebanon,2020,799840
Lesotho,1900,0
Lesotho,1910,0
Lesotho,1920,0
Lesotho,1930,0
Lesotho,1940,0
Lesotho,1950,0
Lesotho,1960,20400
Lesotho,1970,0
Lesotho,1980,68000
Lesotho,1990,33170
Lesotho,2000,98150.1
Lesotho,2010,187511.5
Lesotho,2020,153903.6
Liberia,1900,0
Liberia,1910,0
Liberia,1920,0
Liberia,1930,0
Liberia,1940,0
Liberia,1950,0
Liberia,1960,0
Liberia,1970,0
Liberia,1980,20
Liberia,1990,100700
Liberia,2000,2142.4
Liberia,2010,3091.7
Liberia,2020,0
Libya,1900,0
Libya,1910,0
Libya,1920,0
Libya,1930,0
Libya,1940,0
Libya,1950,0
Libya,1960,537.5
Libya,1970,0
Libya,1980,0
Libya,1990,0
Libya,2000,0
Libya,2010,2203
Libya,2020,320000
Lithuania,1900,0
Lithuania,1910,0
Lithuania,1920,0
Lithuania,1930,0
Lithuania,1940,0
Lithuania,1950,0
Lithuania,1960,0
Lithuania,1970,0
Lithuania,1980,0
Lithuania,1990,78000
Lithuania,2000,0
Lithuania,2010,0
Lithuania,2020,0
Low-income countries,1900,0
Low-income countries,1910,3200
Low-income countries,1920,0
Low-income countries,1930,0
Low-income countries,1940,0
Low-income countries,1950,200
Low-income countries,1960,452425
Low-income countries,1970,1736313.1
Low-income countries,1980,5630716
Low-income countries,1990,6091653
Low-income countries,2000,10305762
Low-income countries,2010,16101777
Low-income countries,2020,34113424
Lower-middle-income countries,1900,0
Lower-middle-income countries,1910,19.9
Lower-middle-income countries,1920,110813.1
Lower-middle-income countries,1930,19283
Lower-middle-income countries,1940,4800
Lower-middle-income countries,1950,324143.4
Lower-middle-income countries,1960,16391083
Lower-middle-income countries,1970,45713160
Lower-middle-income countries,1980,86956670
Lower-middle-income countries,1990,54068556
Lower-middle-income countries,2000,90082390
Lower-middle-income countries,2010,80483310
Lower-middle-income countries,2020,41927636
Luxembourg,1900,0
Luxembourg,1910,0
Luxembourg,1920,0
Luxembourg,1930,0
Luxembourg,1940,0
Luxembourg,1950,0
Luxembourg,1960,0
Luxembourg,1970,0
Luxembourg,1980,0
Luxembourg,1990,0
Luxembourg,2000,0
Luxembourg,2010,151.9
Luxembourg,2020,0
Macao,1900,0
Macao,1910,0
Macao,1920,0
Macao,1930,0
Macao,1940,0
Macao,1950,0
Macao,1960,0
Macao,1970,0
Macao,1980,0
Macao,1990,398.6
Macao,2000,0
Macao,2010,20
Macao,2020,0
Madagascar,1900,0
Madagascar,1910,0
Madagascar,1920,0
Madagascar,1930,0
Madagascar,1940,0
Madagascar,1950,0
Madagascar,1960,11804
Madagascar,1970,308698.2
Madagascar,1980,181988.2
Madagascar,1990,210982.2
Madagascar,2000,505198.7
Madagascar,2010,434358.9
Madagascar,2020,552180.6
Malawi,1900,0
Malawi,1910,0
Malawi,1920,0
Malawi,1930,0
Malawi,1940,0
Malawi,1950,0
Malawi,1960,350
Malawi,1970,2000
Malawi,1980,158536.7
Malawi,1990,1036830
Malawi,2000,969361.4
Malawi,2010,1053369.6
Malawi,2020,1211952.2
Malaysia,1900,0
Malaysia,1910,0
Malaysia,1920,0
Malaysia,1930,0
Malaysia,1940,0
Malaysia,1950,0
Malaysia,1960,45000
Malaysia,1970,24600
Malaysia,1980,10257.6
Malaysia,1990,4449.4
Malaysia,2000,46028.2
Malaysia,2010,262164.1
Malaysia,2020,71664.6
Maldives,1900,0
Maldives,1910,0
Maldives,1920,0
Maldives,1930,0
Maldives,1940,0
Maldives,1950,0
Maldives,1960,0
Maldives,1970,0
Maldives,1980,30
Maldives,1990,2384.9
Maldives,2000,2886.3
Maldives,2010,180
Maldives,2020,264
Mali,1900,0
Mali,1910,0
Mali,1920,0
Mali,1930,0
Mali,1940,0
Mali,1950,0
Mali,1960,0
Mali,1970,0
Mali,1980,152463.5
Mali,1990,31063.4
Mali,2000,117564.3
Mali,2010,422504.6
Mali,2020,1722953
Malta,1900,0
Malta,1910,0
Malta,1920,0
Malta,1930,0
Malta,1940,0
Malta,1950,0
Malta,1960,0
Malta,1970,0
Malta,1980,0
Malta,1990,0
Malta,2000,0
Malta,2010,0
Malta,2020,0
Marshall Islands,1900,0
Marshall Islands,1910,0
Marshall Islands,1920,0
Marshall Islands,1930,0
Marshall Islands,1940,0
Marshall Islands,1950,0
Marshall Islands,1960,0
Marshall Islands,1970,0
Marshall Islands,1980,0
Marshall Islands,1990,600
Marshall Islands,2000,60
Marshall Islands,2010,2774.4
Marshall Islands,2020,7587.2
Martinique,1900,0
Martinique,1910,0
Martinique,1920,0
Martinique,1930,0
Martinique,1940,0
Martinique,1950,0
Martinique,1960,100
Martinique,1970,2500.3
Martinique,1980,0
Martinique,1990,511
Martinique,2000,10.6
Martinique,2010,0.2
Martinique,2020,0
Mauritania,1900,0
Mauritania,1910,0
Mauritania,1920,0
Mauritania,1930,0
Mauritania,1940,0
Mauritania,1950,0
Mauritania,1960,23164.1
Mauritania,1970,256135.9
Mauritania,1980,160990
Mauritania,1990,49278.4
Mauritania,2000,113373.9
Mauritania,2010,585629.4
Mauritania,2020,291221.6
Mauritius,1900,0
Mauritius,1910,0
Mauritius,1920,0
Mauritius,1930,0
Mauritius,1940,0
Mauritius,1950,0
Mauritius,1960,2352.4
Mauritius,1970,95653.1
Mauritius,1980,3735.8
Mauritius,1990,1080
Mauritius,2000,105
Mauritius,2010,3008.2
Mauritius,2020,20527.8
Mexico,1900,0
Mexico,1910,2.2
Mexico,1920,16.7
Mexico,1930,212
Mexico,1940,300
Mexico,1950,30
Mexico,1960,37391.4
Mexico,1970,95527.2
Mexico,1980,277362.1
Mexico,1990,231973.6
Mexico,2000,676566.6
Mexico,2010,730475.3
Mexico,2020,240797
Micronesia (country),1900,0
Micronesia (country),1910,0
Micronesia (country),1920,0
Micronesia (country),1930,0
Micronesia (country),1940,0
Micronesia (country),1950,0
Micronesia (country),1960,0
Micronesia (country),1970,0
Micronesia (country),1980,20.3
Micronesia (country),1990,2880
Micronesia (country),2000,863.1
Micronesia (country),2010,14500
Micronesia (country),2020,22600
Moldova,1900,0
Moldova,1910,0
Moldova,1920,0
Moldova,1930,0
Moldova,1940,0
Moldova,1950,0
Moldova,1960,0
Moldova,1970,0
Moldova,1980,0
Moldova,1990,5453.7
Moldova,2000,282139.4
Moldova,2010,3063.4
Moldova,2020,2
Mongolia,1900,0
Mongolia,1910,0
Mongolia,1920,0
Mongolia,1930,0
Mongolia,1940,0
Mongolia,1950,0
Mongolia,1960,27000
Mongolia,1970,0
Mongolia,1980,0
Mongolia,1990,10506.1
Mongolia,2000,250865.2
Mongolia,2010,203541.2
Mongolia,2020,212390.2
Montenegro,1900,0
Montenegro,1910,0
Montenegro,1920,0
Montenegro,1930,0
Montenegro,1940,0
Montenegro,1950,0
Montenegro,1960,0
Montenegro,1970,0
Montenegro,1980,0
Montenegro,1990,0
Montenegro,2000,127.1
Montenegro,2010,1131.5
Montenegro,2020,0
Montserrat,1900,0
Montserrat,1910,0
Montserrat,1920,0
Montserrat,1930,0
Montserrat,1940,0
Montserrat,1950,0
Montserrat,1960,0
Montserrat,1970,0
Montserrat,1980,1204
Montserrat,1990,1300
Montserrat,2000,20
Montserrat,2010,0
Montserrat,2020,0
Morocco,1900,0
Morocco,1910,0
Morocco,1920,0
Morocco,1930,0
Morocco,1940,0
Morocco,1950,0
Morocco,1960,8282.3
Morocco,1970,45973.6
Morocco,1980,1221.6
Morocco,1990,16027.5
Morocco,2000,28407.7
Morocco,2010,267173.8
Morocco,2020,169411.8
Mozambique,1900,0
Mozambique,1910,0
Mozambique,1920,0
Mozambique,1930,0
Mozambique,1940,0
Mozambique,1950,0
Mozambique,1960,5000
Mozambique,1970,281902.4
Mozambique,1980,1061302.8
Mozambique,1990,647450
Mozambique,2000,988744.2
Mozambique,2010,642069.1
Mozambique,2020,1232732.2
Myanmar,1900,0
Myanmar,1910,0
Myanmar,1920,4000
Myanmar,1930,15000
Myanmar,1940,0
Myanmar,1950,0
Myanmar,1960,74771.9
Myanmar,1970,177500
Myanmar,1980,8458.8
Myanmar,1990,64909.4
Myanmar,2000,275258.7
Myanmar,2010,363278.9
Myanmar,2020,45633.8
Namibia,1900,0
Namibia,1910,0
Namibia,1920,0
Namibia,1930,0
Namibia,1940,0
Namibia,1950,0
Namibia,1960,0
Namibia,1970,0
Namibia,1980,0
Namibia,1990,43820
Namibia,2000,81930
Namibia,2010,229639
Namibia,2020,50170.6
Nepal,1900,0
Nepal,1910,0
Nepal,1920,0
Nepal,1930,0
Nepal,1940,0
Nepal,1950,0
Nepal,1960,2110
Nepal,1970,277035.4
Nepal,1980,291761.7
Nepal,1990,86490.3
Nepal,2000,295951.8
Nepal,2010,788277.5
Nepal,2020,99375.2
Netherlands,1900,0
Netherlands,1910,0
Netherlands,1920,0
Netherlands,1930,0
Netherlands,1940,0
Netherlands,1950,30000
Netherlands,1960,0
Netherlands,1970,0
Netherlands,1980,0
Netherlands,1990,26512
Netherlands,2000,0.1
Netherlands,2010,0
Netherlands,2020,0.8
Netherlands Antilles,1900,0
Netherlands Antilles,1910,0
Netherlands Antilles,1920,0
Netherlands Antilles,1930,0
Netherlands Antilles,1940,0
Netherlands Antilles,1950,0
Netherlands Antilles,1960,0
Netherlands Antilles,1970,0
Netherlands Antilles,1980,0
Netherlands Antilles,1990,4000
Netherlands Antilles,2000,0
Netherlands Antilles,2010,0
Netherlands Antilles,2020,0
New Caledonia,1900,0
New Caledonia,1910,0
New Caledonia,1920,0
New Caledonia,1930,0
New Caledonia,1940,0
New Caledonia,1950,0
New Caledonia,1960,0
New Caledonia,1970,0
New Caledonia,1980,200
New Caledonia,1990,0
New Caledonia,2000,110
New Caledonia,2010,0
New Caledonia,2020,0
New Zealand,1900,0
New Zealand,1910,0
New Zealand,1920,0
New Zealand,1930,1100
New Zealand,1940,0
New Zealand,1950,0
New Zealand,1960,131.4
New Zealand,1970,357.5
New Zealand,1980,2416.2
New Zealand,1990,324.5
New Zealand,2000,765
New Zealand,2010,61950
New Zealand,2020,4333.6
Nicaragua,1900,0
Nicaragua,1910,0
Nicaragua,1920,0
Nicaragua,1930,0
Nicaragua,1940,0
Nicaragua,1950,0
Nicaragua,1960,356
Nicaragua,1970,76625
Nicaragua,1980,45227.8
Nicaragua,1990,191974
Nicaragua,2000,55650.7
Nicaragua,2010,117538.8
Nicaragua,2020,187022.4
Niger,1900,0
Niger,1910,3200
Niger,1920,0
Niger,1930,0
Niger,1940,0
Niger,1950,0
Niger,1960,0
Niger,1970,1600
Niger,1980,458000
Niger,1990,174488.7
Niger,2000,1140107.1
Niger,2010,1200144.6
Niger,2020,1876041.2
Nigeria,1900,0
Nigeria,1910,0
Nigeria,1920,0
Nigeria,1930,0
Nigeria,1940,0
Nigeria,1950,0
Nigeria,1960,0
Nigeria,1970,0
Nigeria,1980,330750
Nigeria,1990,80400
Nigeria,2000,55882.1
Nigeria,2010,1077176.4
Nigeria,2020,4429659
Niue,1900,0
Niue,1910,0
Niue,1920,0
Niue,1930,0
Niue,1940,0
Niue,1950,160
Niue,1960,400
Niue,1970,0
Niue,1980,0
Niue,1990,20
Niue,2000,70.2
Niue,2010,0
Niue,2020,0
North America,1900,17460.5
North America,1910,9776.4
North America,1920,1246.7
North America,1930,3709.3
North America,1940,982.7
North America,1950,37997.6
North America,1960,158473.1
North America,1970,1099902.2
North America,1980,1172083.8
North America,1990,1991055
North America,2000,4752832
North America,2010,13662920
North America,2020,5112534
North Korea,1900,0
North Korea,1910,0
North Korea,1920,0
North Korea,1930,0
North Korea,1940,0
North Korea,1950,0
North Korea,1960,0
North Korea,1970,0
North Korea,1980,2007.1
North Korea,1990,955380.7
North Korea,2000,236060.2
North Korea,2010,3880591
North Korea,2020,18000
North Macedonia,1900,0
North Macedonia,1910,0
North Macedonia,1920,0
North Macedonia,1930,0
North Macedonia,1940,0
North Macedonia,1950,0
North Macedonia,1960,0
North Macedonia,1970,0
North Macedonia,1980,0
North Macedonia,1990,1150
North Macedonia,2000,111010.5
North Macedonia,2010,15974.3
North Macedonia,2020,16000
Northern Mariana Islands,1900,0
Northern Mariana Islands,1910,0
Northern Mariana Islands,1920,0
Northern Mariana Islands,1930,0
Northern Mariana Islands,1940,0
Northern Mariana Islands,1950,0
Northern Mariana Islands,1960,0
Northern Mariana Islands,1970,0
Northern Mariana Islands,1980,0
Northern Mariana Islands,1990,0
Northern Mariana Islands,2000,50
Northern Mariana Islands,2010,36
Northern Mariana Islands,2020,0
Norway,1900,0
Norway,1910,0
Norway,1920,0
Norway,1930,0
Norway,1940,0
Norway,1950,0
Norway,1960,0
Norway,1970,0
Norway,1980,0
Norway,1990,400
Norway,2000,220
Norway,2010,65
Norway,2020,202
Oceania,1900,0
Oceania,1910,0
Oceania,1920,0
Oceania,1930,2240
Oceania,1940,460
Oceania,1950,560
Oceania,1960,14870.8
Oceania,1970,29119.6
Oceania,1980,134870.3
Oceania,1990,1755874.4
Oceania,2000,64843.6
Oceania,2010,594993.1
Oceania,2020,451793
Oman,1900,0
Oman,1910,0
Oman,1920,0
Oman,1930,0
Oman,1940,0
Oman,1950,0
Oman,1960,0
Oman,1970,659.6
Oman,1980,0
Oman,1990,0
Oman,2000,2008.3
Oman,2010,640
Oman,2020,76
Pakistan,1900,0
Pakistan,1910,0
Pakistan,1920,0
Pakistan,1930,2500
Pakistan,1940,1000
Pakistan,1950,0
Pakistan,1960,62442.7
Pakistan,1970,1369240
Pakistan,1980,132091
Pakistan,1990,1899500.9
Pakistan,2000,1962630.8
Pakistan,2010,4212657.5
Pakistan,2020,7152577
Palau,1900,0
Palau,1910,0
Palau,1920,0
Palau,1930,0
Palau,1940,0
Palau,1950,0
Palau,1960,0
Palau,1970,0
Palau,1980,0
Palau,1990,0
Palau,2000,0
Palau,2010,1545
Palau,2020,1457.6
Palestine,1900,0
Palestine,1910,0
Palestine,1920,0
Palestine,1930,0
Palestine,1940,0
Palestine,1950,0
Palestine,1960,0
Palestine,1970,0
Palestine,1980,0
Palestine,1990,0
Palestine,2000,0
Palestine,2010,9562.1
Palestine,2020,6700
Panama,1900,0
Panama,1910,0
Panama,1920,0
Panama,1930,0
Panama,1940,0
Panama,1950,0
Panama,1960,311.8
Panama,1970,5064.5
Panama,1980,9673.2
Panama,1990,4910.2
Panama,2000,9651.8
Panama,2010,7400.5
Panama,2020,7098
Papua New Guinea,1900,0
Papua New Guinea,1910,0
Papua New Guinea,1920,0
Papua New Guinea,1930,750
Papua New Guinea,1940,0
Papua New Guinea,1950,320
Papua New Guinea,1960,200
Papua New Guinea,1970,402
Papua New Guinea,1980,8400
Papua New Guinea,1990,92644.6
Papua New Guinea,2000,32519.8
Papua New Guinea,2010,339336.2
Papua New Guinea,2020,16848.6
Paraguay,1900,0
Paraguay,1910,0
Paraguay,1920,0
Paraguay,1930,0
Paraguay,1940,0
Paraguay,1950,0
Paraguay,1960,4579
Paraguay,1970,21700
Paraguay,1980,23000
Paraguay,1990,43718.6
Paraguay,2000,50511.1
Paraguay,2010,263937.7
Paraguay,2020,10535
Peru,1900,0
Peru,1910,0
Peru,1920,0
Peru,1930,0
Peru,1940,352.5
Peru,1950,122
Peru,1960,44709.6
Peru,1970,535375.6
Peru,1980,109234.6
Peru,1990,499654.9
Peru,2000,673762.8
Peru,2010,433651.7
Peru,2020,129402
Philippines,1900,0
Philippines,1910,19.9
Philippines,1920,0
Philippines,1930,270
Philippines,1940,0
Philippines,1950,6255.3
Philippines,1960,241393.5
Philippines,1970,1551493.1
Philippines,1980,2605127.8
Philippines,1990,3830682
Philippines,2000,4786006.5
Philippines,2010,9948424
Philippines,2020,6281521
Poland,1900,0
Poland,1910,0
Poland,1920,0
Poland,1930,0
Poland,1940,0
Poland,1950,0
Poland,1960,0
Poland,1970,100
Poland,1980,2327.4
Poland,1990,22570
Poland,2000,2099.2
Poland,2010,10828.4
Poland,2020,784.6
Portugal,1900,0
Portugal,1910,0
Portugal,1920,0
Portugal,1930,0
Portugal,1940,0
Portugal,1950,0
Portugal,1960,218
Portugal,1970,4522
Portugal,1980,2485
Portugal,1990,446.5
Portugal,2000,15085.2
Portugal,2010,989.2
Portugal,2020,324.4
Puerto Rico,1900,0
Puerto Rico,1910,0
Puerto Rico,1920,0
Puerto Rico,1930,0
Puerto Rico,1940,0
Puerto Rico,1950,0
Puerto Rico,1960,0
Puerto Rico,1970,450
Puerto Rico,1980,200
Puerto Rico,1990,15591.5
Puerto Rico,2000,1548.5
Puerto Rico,2010,75267.1
Puerto Rico,2020,1045.6
Qatar,1900,0
Qatar,1910,0
Qatar,1920,0
Qatar,1930,0
Qatar,1940,0
Qatar,1950,0
Qatar,1960,0
Qatar,1970,0
Qatar,1980,0
Qatar,1990,0
Qatar,2000,0
Qatar,2010,150
Qatar,2020,0
Reunion,1900,0
Reunion,1910,0
Reunion,1920,0
Reunion,1930,0
Reunion,1940,0
Reunion,1950,0
Reunion,1960,0
Reunion,1970,100
Reunion,1980,1726.1
Reunion,1990,0
Reunion,2000,379
Reunion,2010,46.5
Reunion,2020,5142.6
Romania,1900,0
Romania,1910,0
Romania,1920,0
Romania,1930,0
Romania,1940,0
Romania,1950,0
Romania,1960,0
Romania,1970,162505.5
Romania,1980,200
Romania,1990,17779.9
Romania,2000,21569.1
Romania,2010,3070
Romania,2020,252.2
Russia,1900,0
Russia,1910,0
Russia,1920,0
Russia,1930,0
Russia,1940,0
Russia,1950,0
Russia,1960,0
Russia,1970,0
Russia,1980,0
Russia,1990,208453
Russia,2000,197197.8
Russia,2010,27930.7
Russia,2020,12657.8
Rwanda,1900,0
Rwanda,1910,0
Rwanda,1920,0
Rwanda,1930,0
Rwanda,1940,0
Rwanda,1950,0
Rwanda,1960,0
Rwanda,1970,360000
Rwanda,1980,50167.8
Rwanda,1990,20979.2
Rwanda,2000,181690.1
Rwanda,2010,9310
Rwanda,2020,19120.4
Saint Barthelemy,1900,0
Saint Barthelemy,1910,0
Saint Barthelemy,1920,0
Saint Barthelemy,1930,0
Saint Barthelemy,1940,0
Saint Barthelemy,1950,0
Saint Barthelemy,1960,0
Saint Barthelemy,1970,0
Saint Barthelemy,1980,0
Saint Barthelemy,1990,0
Saint Barthelemy,2000,0
Saint Barthelemy,2010,0
Saint Barthelemy,2020,0
Saint Helena,1900,0
Saint Helena,1910,0
Saint Helena,1920,0
Saint Helena,1930,0
Saint Helena,1940,0
Saint Helena,1950,0
Saint Helena,1960,0
Saint Helena,1970,0
Saint Helena,1980,0
Saint Helena,1990,0
Saint Helena,2000,30
Saint Helena,2010,0
Saint Helena,2020,0
Saint Kitts and Nevis,1900,0
Saint Kitts and Nevis,1910,0
Saint Kitts and Nevis,1920,0
Saint Kitts and Nevis,1930,0
Saint Kitts and Nevis,1940,0
Saint Kitts and Nevis,1950,0
Saint Kitts and Nevis,1960,0
Saint Kitts and Nevis,1970,0
Saint Kitts and Nevis,1980,130
Saint Kitts and Nevis,1990,1298
Saint Kitts and Nevis,2000,0
Saint Kitts and Nevis,2010,50
Saint Kitts and Nevis,2020,0
Saint Lucia,1900,0
Saint Lucia,1910,0
Saint Lucia,1920,0
Saint Lucia,1930,0
Saint Lucia,1940,0
Saint Lucia,1950,0
Saint Lucia,1960,0
Saint Lucia,1970,0
Saint Lucia,1980,8300
Saint Lucia,1990,112.5
Saint Lucia,2000,0
Saint Lucia,2010,22798.4
Saint Lucia,2020,1100
Saint Martin (French part),1900,0
Saint Martin (French part),1910,0
Saint Martin (French part),1920,0
Saint Martin (French part),1930,0
Saint Martin (French part),1940,0
Saint Martin (French part),1950,0
Saint Martin (French part),1960,0
Saint Martin (French part),1970,0
Saint Martin (French part),1980,0
Saint Martin (French part),1990,0
Saint Martin (French part),2000,0
Saint Martin (French part),2010,11
Saint Martin (French part),2020,0
Saint Vincent and the Grenadines,1900,0
Saint Vincent and the Grenadines,1910,0
Saint Vincent and the Grenadines,1920,0
Saint Vincent and the Grenadines,1930,0
Saint Vincent and the Grenadines,1940,0
Saint Vincent and the Grenadines,1950,0
Saint Vincent and the Grenadines,1960,0
Saint Vincent and the Grenadines,1970,2200
Saint Vincent and the Grenadines,1980,2186
Saint Vincent and the Grenadines,1990,30
Saint Vincent and the Grenadines,2000,153.4
Saint Vincent and the Grenadines,2010,4879.7
Saint Vincent and the Grenadines,2020,2715.8
Samoa,1900,0
Samoa,1910,0
Samoa,1920,0
Samoa,1930,0
Samoa,1940,0
Samoa,1950,0
Samoa,1960,9500.4
Samoa,1970,0
Samoa,1980,200
Samoa,1990,28300
Samoa,2000,558.4
Samoa,2010,1270.3
Samoa,2020,0
Sao Tome and Principe,1900,0
Sao Tome and Principe,1910,0
Sao Tome and Principe,1920,0
Sao Tome and Principe,1930,0
Sao Tome and Principe,1940,0
Sao Tome and Principe,1950,0
Sao Tome and Principe,1960,0
Sao Tome and Principe,1970,0
Sao Tome and Principe,1980,9300
Sao Tome and Principe,1990,0
Sao Tome and Principe,2000,0
Sao Tome and Principe,2010,0
Sao Tome and Principe,2020,43933.6
Saudi Arabia,1900,0
Saudi Arabia,1910,0
Saudi Arabia,1920,0
Saudi Arabia,1930,0
Saudi Arabia,1940,0
Saudi Arabia,1950,0
Saudi Arabia,1960,100
Saudi Arabia,1970,0
Saudi Arabia,1980,500
Saudi Arabia,1990,0
Saudi Arabia,2000,2354.7
Saudi Arabia,2010,404.2
Saudi Arabia,2020,120
Senegal,1900,0
Senegal,1910,0
Senegal,1920,0
Senegal,1930,0
Senegal,1940,0
Senegal,1950,0
Senegal,1960,20192.1
Senegal,1970,538942.9
Senegal,1980,169365
Senegal,1990,41835.3
Senegal,2000,81466.9
Senegal,2010,198673.7
Senegal,2020,41526.2
Serbia,1900,0
Serbia,1910,0
Serbia,1920,0
Serbia,1930,0
Serbia,1940,0
Serbia,1950,0
Serbia,1960,0
Serbia,1970,0
Serbia,1980,0
Serbia,1990,0
Serbia,2000,1608
Serbia,2010,20630
Serbia,2020,3556.8
Serbia and Montenegro,1900,0
Serbia and Montenegro,1910,0
Serbia and Montenegro,1920,0
Serbia and Montenegro,1930,0
Serbia and Montenegro,1940,0
Serbia and Montenegro,1950,0
Serbia and Montenegro,1960,0
Serbia and Montenegro,1970,0
Serbia and Montenegro,1980,0
Serbia and Montenegro,1990,7700.8
Serbia and Montenegro,2000,5732.2
Serbia and Montenegro,2010,0
Serbia and Montenegro,2020,0
Seychelles,1900,0
Seychelles,1910,0
Seychelles,1920,0
Seychelles,1930,0
Seychelles,1940,0
Seychelles,1950,0
Seychelles,1960,0
Seychelles,1970,0
Seychelles,1980,0
Seychelles,1990,123.7
Seychelles,2000,1163
Seychelles,2010,743.5
Seychelles,2020,0
Sierra Leone,1900,0
Sierra Leone,1910,0
Sierra Leone,1920,0
Sierra Leone,1930,0
Sierra Leone,1940,0
Sierra Leone,1950,0
Sierra Leone,1960,0
Sierra Leone,1970,1000
Sierra Leone,1980,0
Sierra Leone,1990,20000.3
Sierra Leone,2000,2097
Sierra Leone,2010,4909.6
Sierra Leone,2020,2599.8
Sint Maarten (Dutch part),1900,0
Sint Maarten (Dutch part),1910,0
Sint Maarten (Dutch part),1920,0
Sint Maarten (Dutch part),1930,0
Sint Maarten (Dutch part),1940,0
Sint Maarten (Dutch part),1950,0
Sint Maarten (Dutch part),1960,0
Sint Maarten (Dutch part),1970,0
Sint Maarten (Dutch part),1980,0
Sint Maarten (Dutch part),1990,0
Sint Maarten (Dutch part),2000,0
Sint Maarten (Dutch part),2010,504
Sint Maarten (Dutch part),2020,0
Slovakia,1900,0
Slovakia,1910,0
Slovakia,1920,0
Slovakia,1930,0
Slovakia,1940,0
Slovakia,1950,0
Slovakia,1960,0
Slovakia,1970,0
Slovakia,1980,0
Slovakia,1990,4781.5
Slovakia,2000,1074.3
Slovakia,2010,85
Slovakia,2020,50
Slovenia,1900,0
Slovenia,1910,0
Slovenia,1920,0
Slovenia,1930,0
Slovenia,1940,0
Slovenia,1950,0
Slovenia,1960,0
Slovenia,1970,0
Slovenia,1980,0
Slovenia,1990,70
Slovenia,2000,165.5
Slovenia,2010,6455
Slovenia,2020,300924.6
Solomon Islands,1900,0
Solomon Islands,1910,0
Solomon Islands,1920,0
Solomon Islands,1930,0
Solomon Islands,1940,0
Solomon Islands,1950,0
Solomon Islands,1960,120
Solomon Islands,1970,1300.1
Solomon Islands,1980,18115
Solomon Islands,1990,8888
Solomon Islands,2000,1091.9
Solomon Islands,2010,14339.1
Solomon Islands,2020,34463.8
Somalia,1900,0
Somalia,1910,0
Somalia,1920,0
Somalia,1930,0
Somalia,1940,0
Somalia,1950,0
Somalia,1960,70000
Somalia,1970,27000
Somalia,1980,66350
Somalia,1990,124060
Somalia,2000,574466.5
Somalia,2010,1850250
Somalia,2020,2428287.8
South Africa,1900,0
South Africa,1910,0
South Africa,1920,0
South Africa,1930,0
South Africa,1940,0
South Africa,1950,0
South Africa,1960,600
South Africa,1970,100
South Africa,1980,273538.5
South Africa,1990,36463.4
South Africa,2000,1524409.2
South Africa,2010,382622.7
South Africa,2020,2442611.5
South America,1900,0
South America,1910,0
South America,1920,0
South America,1930,5850
South America,1940,25873.3
South America,1950,4135.6
South America,1960,905482.2
South America,1970,3207674.2
South America,1980,5077699.5
South America,1990,2114739
South America,2000,2419084.2
South America,2010,6573325.5
South America,2020,2363480
South Korea,1900,0
South Korea,1910,0
South Korea,1920,0
South Korea,1930,0
South Korea,1940,0
South Korea,1950,0
South Korea,1960,377659.6
South Korea,1970,125488.9
South Korea,1980,68639.3
South Korea,1990,44440.4
South Korea,2000,52135
South Korea,2010,20002.3
South Korea,2020,15779.4
South Sudan,1900,0
South Sudan,1910,0
South Sudan,1920,0
South Sudan,1930,0
South Sudan,1940,0
South Sudan,1950,0
South Sudan,1960,0
South Sudan,1970,0
South Sudan,1980,0
South Sudan,1990,0
South Sudan,2000,224279.1
South Sudan,2010,773481.2
South Sudan,2020,2120134
Spain,1900,0
Spain,1910,0
Spain,1920,0
Spain,1930,0
Spain,1940,12
Spain,1950,7
Spain,1960,0
Spain,1970,5
Spain,1980,79656
Spain,1990,602208.9
Spain,2000,863.1
Spain,2010,2459.4
Spain,2020,9087.6
Sri Lanka,1900,0
Sri Lanka,1910,0
Sri Lanka,1920,0
Sri Lanka,1930,0
Sri Lanka,1940,0
Sri Lanka,1950,25000
Sri Lanka,1960,177934.7
Sri Lanka,1970,125700
Sri Lanka,1980,755448.5
Sri Lanka,1990,332586.6
Sri Lanka,2000,628037.3
Sri Lanka,2010,1076004.1
Sri Lanka,2020,241679.2
Sudan,1900,0
Sudan,1910,0
Sudan,1920,0
Sudan,1930,0
Sudan,1940,0
Sudan,1950,0
Sudan,1960,0
Sudan,1970,24500
Sudan,1980,1448200
Sudan,1990,1087722.1
Sudan,2000,352662.6
Sudan,2010,566348.9
Sudan,2020,2676496
Suriname,1900,0
Suriname,1910,0
Suriname,1920,0
Suriname,1930,0
Suriname,1940,0
Suriname,1950,0
Suriname,1960,460
Suriname,1970,0
Suriname,1980,0
Suriname,1990,0
Suriname,2000,3154.8
Suriname,2010,0
Suriname,2020,3820
Sweden,1900,0
Sweden,1910,0
Sweden,1920,0
Sweden,1930,0
Sweden,1940,0
Sweden,1950,0
Sweden,1960,0
Sweden,1970,5
Sweden,1980,0
Sweden,1990,0
Sweden,2000,0
Sweden,2010,0
Sweden,2020,2700
Switzerland,1900,0
Switzerland,1910,0
Switzerland,1920,0
Switzerland,1930,0
Switzerland,1940,0
Switzerland,1950,0
Switzerland,1960,2.2
Switzerland,1970,4.8
Switzerland,1980,214
Switzerland,1990,0
Switzerland,2000,739.1
Switzerland,2010,30.3
Switzerland,2020,3011.6
Syria,1900,0
Syria,1910,0
Syria,1920,0
Syria,1930,0
Syria,1940,0
Syria,1950,0
Syria,1960,4000
Syria,1970,20500
Syria,1980,0
Syria,1990,13192.3
Syria,2000,106451.3
Syria,2010,67143.9
Syria,2020,2993330.5
Taiwan,1900,2868.4
Taiwan,1910,262.8
Taiwan,1920,41.7
Taiwan,1930,25892.1
Taiwan,1940,918.8
Taiwan,1950,1280.9
Taiwan,1960,10826.5
Taiwan,1970,3752.8
Taiwan,1980,239.5
Taiwan,1990,52988.8
Taiwan,2000,297978.5
Taiwan,2010,4924.3
Taiwan,2020,371.8
Tajikistan,1900,0
Tajikistan,1910,0
Tajikistan,1920,0
Tajikistan,1930,0
Tajikistan,1940,0
Tajikistan,1950,0
Tajikistan,1960,0
Tajikistan,1970,0
Tajikistan,1980,0
Tajikistan,1990,37769
Tajikistan,2000,629863.4
Tajikistan,2010,8726
Tajikistan,2020,6001
Tanzania,1900,0
Tanzania,1910,0
Tanzania,1920,0
Tanzania,1930,0
Tanzania,1940,0
Tanzania,1950,0
Tanzania,1960,12488.3
Tanzania,1970,18700
Tanzania,1980,220355.6
Tanzania,1990,360978.7
Tanzania,2000,653224.7
Tanzania,2010,344624.9
Tanzania,2020,1020684.6
Thailand,1900,0
Thailand,1910,0
Thailand,1920,0
Thailand,1930,0
Thailand,1940,0
Thailand,1950,0
Thailand,1960,20520
Thailand,1970,502849.3
Thailand,1980,380843.1
Thailand,1990,2205530.2
Thailand,2000,2821667.5
Thailand,2010,4907777.5
Thailand,2020,761829.2
Togo,1900,0
Togo,1910,0
Togo,1920,0
Togo,1930,0
Togo,1940,0
Togo,1950,0
Togo,1960,1.5
Togo,1970,15000
Togo,1980,40000
Togo,1990,29190.5
Togo,2000,18814.5
Togo,2010,12761
Togo,2020,15119.2
Tokelau,1900,0
Tokelau,1910,0
Tokelau,1920,0
Tokelau,1930,0
Tokelau,1940,0
Tokelau,1950,0
Tokelau,1960,0
Tokelau,1970,0
Tokelau,1980,173
Tokelau,1990,10.2
Tokelau,2000,2.6
Tokelau,2010,0
Tokelau,2020,0
Tonga,1900,0
Tonga,1910,0
Tonga,1920,0
Tonga,1930,0
Tonga,1940,250
Tonga,1950,0
Tonga,1960,800
Tonga,1970,1641
Tonga,1980,14651.4
Tonga,1990,967.4
Tonga,2000,1700.7
Tonga,2010,9140.6
Tonga,2020,21835.2
Trinidad and Tobago,1900,0
Trinidad and Tobago,1910,0
Trinidad and Tobago,1920,0
Trinidad and Tobago,1930,0
Trinidad and Tobago,1940,0
Trinidad and Tobago,1950,0
Trinidad and Tobago,1960,0
Trinidad and Tobago,1970,5000
Trinidad and Tobago,1980,0
Trinidad and Tobago,1990,142.7
Trinidad and Tobago,2000,176
Trinidad and Tobago,2010,15000
Trinidad and Tobago,2020,20000
Tunisia,1900,0
Tunisia,1910,0
Tunisia,1920,0
Tunisia,1930,0
Tunisia,1940,0
Tunisia,1950,0
Tunisia,1960,29226.9
Tunisia,1970,7639
Tunisia,1980,3250
Tunisia,1990,15200
Tunisia,2000,3350.8
Tunisia,2010,3200
Tunisia,2020,9000
Turkey,1900,6000
Turkey,1910,6989.5
Turkey,1920,747.8
Turkey,1930,58586.8
Turkey,1940,535.5
Turkey,1950,5051.9
Turkey,1960,48424.3
Turkey,1970,45497.9
Turkey,1980,166821.2
Turkey,1990,528567.7
Turkey,2000,77221.3
Turkey,2010,7127
Turkey,2020,1973709.4
Turkmenistan,1900,0
Turkmenistan,1910,0
Turkmenistan,1920,0
Turkmenistan,1930,0
Turkmenistan,1940,0
Turkmenistan,1950,0
Turkmenistan,1960,0
Turkmenistan,1970,0
Turkmenistan,1980,0
Turkmenistan,1990,42
Turkmenistan,2000,0
Turkmenistan,2010,0
Turkmenistan,2020,0
Turks and Caicos Islands,1900,0
Turks and Caicos Islands,1910,0
Turks and Caicos Islands,1920,0
Turks and Caicos Islands,1930,0
Turks and Caicos Islands,1940,0
Turks and Caicos Islands,1950,0
Turks and Caicos Islands,1960,0
Turks and Caicos Islands,1970,0
Turks and Caicos Islands,1980,77
Turks and Caicos Islands,1990,0
Turks and Caicos Islands,2000,170
Turks and Caicos Islands,2010,0
Turks and Caicos Islands,2020,0
Tuvalu,1900,0
Tuvalu,1910,0
Tuvalu,1920,0
Tuvalu,1930,0
Tuvalu,1940,0
Tuvalu,1950,0
Tuvalu,1960,0
Tuvalu,1970,70
Tuvalu,1980,0
Tuvalu,1990,85
Tuvalu,2000,0
Tuvalu,2010,461.3
Tuvalu,2020,3140.8
USSR,1900,14265.2
USSR,1910,0
USSR,1920,500000
USSR,1930,20.8
USSR,1940,0
USSR,1950,0
USSR,1960,10000
USSR,1970,0
USSR,1980,199688.1
USSR,1990,34649.6
USSR,2000,0
USSR,2010,0
USSR,2020,0
Uganda,1900,0
Uganda,1910,0
Uganda,1920,0
Uganda,1930,0
Uganda,1940,0
Uganda,1950,0
Uganda,1960,3051
Uganda,1970,24965.8
Uganda,1980,85234.2
Uganda,1990,46585.3
Uganda,2000,373794.3
Uganda,2010,100995.1
Uganda,2020,171568.8
Ukraine,1900,0
Ukraine,1910,0
Ukraine,1920,0
Ukraine,1930,0
Ukraine,1940,0
Ukraine,1950,0
Ukraine,1960,0
Ukraine,1970,0
Ukraine,1980,0
Ukraine,1990,206057
Ukraine,2000,65392.7
Ukraine,2010,13114.5
Ukraine,2020,12308.2
United Arab Emirates,1900,0
United Arab Emirates,1910,0
United Arab Emirates,1920,0
United Arab Emirates,1930,0
United Arab Emirates,1940,0
United Arab Emirates,1950,0
United Arab Emirates,1960,0
United Arab Emirates,1970,0
United Arab Emirates,1980,0
United Arab Emirates,1990,0
United Arab Emirates,2000,0
United Arab Emirates,2010,18.8
United Arab Emirates,2020,69.2
United Kingdom,1900,0
United Kingdom,1910,0
United Kingdom,1920,0
United Kingdom,1930,0
United Kingdom,1940,0
United Kingdom,1950,0
United Kingdom,1960,70
United Kingdom,1970,0
United Kingdom,1980,1.2
United Kingdom,1990,26713
United Kingdom,2000,40867
United Kingdom,2010,9089.9
United Kingdom,2020,96
United States,1900,8456.4
United States,1910,0
United States,1920,0
United States,1930,0
United States,1940,0
United States,1950,47
United States,1960,145.8
United States,1970,1187.7
United States,1980,126225.5
United States,1990,436412.4
United States,2000,2084454.2
United States,2010,8867490
United States,2020,20354.2
United States Virgin Islands,1900,0
United States Virgin Islands,1910,0
United States Virgin Islands,1920,0
United States Virgin Islands,1930,0
United States Virgin Islands,1940,0
United States Virgin Islands,1950,0
United States Virgin Islands,1960,0
United States Virgin Islands,1970,0
United States Virgin Islands,1980,1000
United States Virgin Islands,1990,1000
United States Virgin Islands,2000,0
United States Virgin Islands,2010,0
United States Virgin Islands,2020,0
Upper-middle-income countries,1900,30265.2
Upper-middle-income countries,1910,379986.9
Upper-middle-income countries,1920,2515564
Upper-middle-income countries,1930,1431440.5
Upper-middle-income countries,1940,39855.6
Upper-middle-income countries,1950,1027022.9
Upper-middle-income countries,1960,1184472.1
Upper-middle-income countries,1970,6737763
Upper-middle-income countries,1980,30382360
Upper-middle-income countries,1990,132272890
Upper-middle-income countries,2000,125515200
Upper-middle-income countries,2010,74238664
Upper-middle-income countries,2020,25847564
Uruguay,1900,0
Uruguay,1910,0
Uruguay,1920,0
Uruguay,1930,0
Uruguay,1940,0
Uruguay,1950,0
Uruguay,1960,3806.3
Uruguay,1970,0
Uruguay,1980,1850
Uruguay,1990,1900
Uruguay,2000,14071.2
Uruguay,2010,9515.5
Uruguay,2020,175299.2
Uzbekistan,1900,0
Uzbekistan,1910,0
Uzbekistan,1920,0
Uzbekistan,1930,0
Uzbekistan,1940,0
Uzbekistan,1950,0
Uzbekistan,1960,0
Uzbekistan,1970,0
Uzbekistan,1980,0
Uzbekistan,1990,5040
Uzbekistan,2000,60150
Uzbekistan,2010,0
Uzbekistan,2020,14046.2
Vanuatu,1900,0
Vanuatu,1910,0
Vanuatu,1920,0
Vanuatu,1930,0
Vanuatu,1940,0
Vanuatu,1950,0
Vanuatu,1960,0
Vanuatu,1970,0
Vanuatu,1980,17520
Vanuatu,1990,2966.7
Vanuatu,2000,7866.2
Vanuatu,2010,26715.6
Vanuatu,2020,145441
Venezuela,1900,0
Venezuela,1910,0
Venezuela,1920,0
Venezuela,1930,0
Venezuela,1940,0
Venezuela,1950,0
Venezuela,1960,10453.6
Venezuela,1970,0
Venezuela,1980,4469.5
Venezuela,1990,62360.4
Venezuela,2000,13619.2
Venezuela,2010,16746.5
Venezuela,2020,318380.6
Vietnam,1900,0
Vietnam,1910,0
Vietnam,1920,0
Vietnam,1930,0
Vietnam,1940,0
Vietnam,1950,0
Vietnam,1960,89590.2
Vietnam,1970,448400
Vietnam,1980,3387897
Vietnam,1990,1724771.6
Vietnam,2000,2091372.9
Vietnam,2010,1768537.6
Vietnam,2020,674155.2
Wallis and Futuna,1900,0
Wallis and Futuna,1910,0
Wallis and Futuna,1920,0
Wallis and Futuna,1930,0
Wallis and Futuna,1940,0
Wallis and Futuna,1950,0
Wallis and Futuna,1960,0
Wallis and Futuna,1970,0
Wallis and Futuna,1980,450
Wallis and Futuna,1990,2
Wallis and Futuna,2000,0
Wallis and Futuna,2010,125.2
Wallis and Futuna,2020,0
West Germany,1900,0
West Germany,1910,0
West Germany,1920,0
West Germany,1930,0
West Germany,1940,0
West Germany,1950,0
West Germany,1960,0
West Germany,1970,23.5
West Germany,1980,376.2
West Germany,1990,0
West Germany,2000,0
West Germany,2010,0
West Germany,2020,0
World,1900,59279
World,1910,384147.3
World,1920,2657446
World,1930,1492228.1
World,1940,347201.4
World,1950,1994555.9
World,1960,19326878
World,1970,55179252
World,1980,123754400
World,1990,195994180
World,2000,228844110
World,2010,181219230
World,2020,102882984
Yemen,1900,0
Yemen,1910,0
Yemen,1920,0
Yemen,1930,0
Yemen,1940,0
Yemen,1950,0
Yemen,1960,0
Yemen,1970,0
Yemen,1980,0
Yemen,1990,35773.9
Yemen,2000,3144.9
Yemen,2010,30131.1
Yemen,2020,203863
Yemen Arab Republic,1900,0
Yemen Arab Republic,1910,0
Yemen Arab Republic,1920,0
Yemen Arab Republic,1930,0
Yemen Arab Republic,1940,870
Yemen Arab Republic,1950,0
Yemen Arab Republic,1960,67333.2
Yemen Arab Republic,1970,139953
Yemen Arab Republic,1980,55150
Yemen Arab Republic,1990,0
Yemen Arab Republic,2000,0
Yemen Arab Republic,2010,0
Yemen Arab Republic,2020,0
Yemen People's Republic,1900,0
Yemen People's Republic,1910,0
Yemen People's Republic,1920,0
Yemen People's Republic,1930,0
Yemen People's Republic,1940,0
Yemen People's Republic,1950,0
Yemen People's Republic,1960,0
Yemen People's Republic,1970,0
Yemen People's Republic,1980,70500
Yemen People's Republic,1990,0
Yemen People's Republic,2000,0
Yemen People's Republic,2010,0
Yemen People's Republic,2020,0
Yugoslavia,1900,0
Yugoslavia,1910,0
Yugoslavia,1920,0
Yugoslavia,1930,0
Yugoslavia,1940,0
Yugoslavia,1950,0
Yugoslavia,1960,66131.6
Yugoslavia,1970,32218
Yugoslavia,1980,766
Yugoslavia,1990,0
Yugoslavia,2000,0
Yugoslavia,2010,0
Yugoslavia,2020,0
Zambia,1900,0
Zambia,1910,0
Zambia,1920,0
Zambia,1930,0
Zambia,1940,0
Zambia,1950,0
Zambia,1960,0
Zambia,1970,3090
Zambia,1980,80000
Zambia,1990,427320.4
Zambia,2000,422463.3
Zambia,2010,73854.6
Zambia,2020,1639988.2
Zimbabwe,1900,0
Zimbabwe,1910,0
Zimbabwe,1920,0
Zimbabwe,1930,0
Zimbabwe,1940,0
Zimbabwe,1950,0
Zimbabwe,1960,0
Zimbabwe,1970,0
Zimbabwe,1980,0
Zimbabwe,1990,505500
Zimbabwe,2000,843100
Zimbabwe,2010,1272268.6
Zimbabwe,2020,143307.6