Country name,Year,Number of people injured from disasters
Afghanistan,1900,0
Afghanistan,1910,0
Afghanistan,1920,0
Afghanistan,1930,0
Afghanistan,1940,0
Afghanistan,1950,200
Afghanistan,1960,0
Afghanistan,1970,15.5
Afghanistan,1980,351.8
Afghanistan,1990,394.7
Afghanistan,2000,197.2
Afghanistan,2010,5925.6
Afghanistan,2020,2622.6
Africa,1900,0
Africa,1910,0
Africa,1920,0
Africa,1930,13
Africa,1940,0
Africa,1950,502.8
Africa,1960,236.9
Africa,1970,171.8
Africa,1980,1270.5
Africa,1990,3402.7
Africa,2000,2471.7
Africa,2010,2117.5
Africa,2020,3614.4
Albania,1900,0
Albania,1910,0
Albania,1920,0
Albania,1930,10.8
Albania,1940,11
Albania,1950,0
Albania,1960,28.8
Albania,1970,35
Albania,1980,3.1
Albania,1990,0
Albania,2000,0
Albania,2010,102.7
Albania,2020,0
Algeria,1900,0
Algeria,1910,0
Algeria,1920,0
Algeria,1930,0
Algeria,1940,0
Algeria,1950,500
Algeria,1960,61.4
Algeria,1970,0
Algeria,1980,868.1
Algeria,1990,63.7
Algeria,2000,1142.1
Algeria,2010,58.9
Algeria,2020,99.4
American Samoa,1900,0
American Samoa,1910,0
American Samoa,1920,0
American Samoa,1930,0
American Samoa,1940,0
American Samoa,1950,0
American Samoa,1960,0
American Samoa,1970,0
American Samoa,1980,0
American Samoa,1990,0
American Samoa,2000,6.3
American Samoa,2010,0
American Samoa,2020,0
Angola,1900,0
Angola,1910,0
Angola,1920,0
Angola,1930,0
Angola,1940,0
Angola,1950,0
Angola,1960,0
Angola,1970,0
Angola,1980,0
Angola,1990,0
Angola,2000,1.6
Angola,2010,3.1
Angola,2020,90.4
Anguilla,1900,0
Anguilla,1910,0
Anguilla,1920,0
Anguilla,1930,0
Anguilla,1940,0
Anguilla,1950,0
Anguilla,1960,25
Anguilla,1970,0
Anguilla,1980,0
Anguilla,1990,0
Anguilla,2000,0
Anguilla,2010,0
Anguilla,2020,0
Antigua and Barbuda,1900,0
Antigua and Barbuda,1910,0
Antigua and Barbuda,1920,0
Antigua and Barbuda,1930,0
Antigua and Barbuda,1940,0
Antigua and Barbuda,1950,0
Antigua and Barbuda,1960,0
Antigua and Barbuda,1970,0
Antigua and Barbuda,1980,0
Antigua and Barbuda,1990,20.8
Antigua and Barbuda,2000,0
Antigua and Barbuda,2010,0
Antigua and Barbuda,2020,0
Argentina,1900,0
Argentina,1910,0
Argentina,1920,0
Argentina,1930,0
Argentina,1940,3500
Argentina,1950,0
Argentina,1960,0
Argentina,1970,50
Argentina,1980,25.4
Argentina,1990,0
Argentina,2000,30
Argentina,2010,5.2
Argentina,2020,12.6
Armenia,1900,0
Armenia,1910,0
Armenia,1920,0
Armenia,1930,0
Armenia,1940,0
Armenia,1950,0
Armenia,1960,0
Armenia,1970,0
Armenia,1980,0
Armenia,1990,0
Armenia,2000,0
Armenia,2010,0
Armenia,2020,0
Asia,1900,44.8
Asia,1910,271.1
Asia,1920,10894.2
Asia,1930,4616.8
Asia,1940,3000.1
Asia,1950,1472.1
Asia,1960,74146.1
Asia,1970,27364.5
Asia,1980,17333.9
Asia,1990,137357.2
Asia,2000,137913.9
Asia,2010,52266.3
Asia,2020,39181.8
Australia,1900,0
Australia,1910,0
Australia,1920,0
Australia,1930,0
Australia,1940,0
Australia,1950,0
Australia,1960,11.6
Australia,1970,64
Australia,1980,22.7
Australia,1990,129.6
Australia,2000,276.2
Australia,2010,19.4
Australia,2020,4
Austria,1900,0
Austria,1910,0
Austria,1920,0
Austria,1930,0
Austria,1940,0
Austria,1950,0
Austria,1960,0
Austria,1970,0
Austria,1980,0
Austria,1990,0
Austria,2000,0
Austria,2010,12
Austria,2020,2.6
Azerbaijan,1900,0
Azerbaijan,1910,0
Azerbaijan,1920,0
Azerbaijan,1930,0
Azerbaijan,1940,0
Azerbaijan,1950,0
Azerbaijan,1960,0
Azerbaijan,1970,0
Azerbaijan,1980,0
Azerbaijan,1990,2.8
Azerbaijan,2000,60
Azerbaijan,2010,5
Azerbaijan,2020,0
Bahamas,1900,0
Bahamas,1910,0
Bahamas,1920,0
Bahamas,1930,0
Bahamas,1940,0
Bahamas,1950,0
Bahamas,1960,0.3
Bahamas,1970,0
Bahamas,1980,0
Bahamas,1990,0
Bahamas,2000,0
Bahamas,2010,0
Bahamas,2020,0
Bangladesh,1900,0
Bangladesh,1910,0
Bangladesh,1920,0
Bangladesh,1930,0
Bangladesh,1940,0
Bangladesh,1950,0
Bangladesh,1960,71677.5
Bangladesh,1970,2605
Bangladesh,1980,2220
Bangladesh,1990,20128.7
Bangladesh,2000,7615.5
Bangladesh,2010,2769.2
Bangladesh,2020,3.6
Barbados,1900,0
Barbados,1910,0
Barbados,1920,0
Barbados,1930,0
Barbados,1940,0
Barbados,1950,0
Barbados,1960,0
Barbados,1970,1
Barbados,1980,0.7
Barbados,1990,0
Barbados,2000,0.1
Barbados,2010,0
Barbados,2020,0
Belarus,1900,0
Belarus,1910,0
Belarus,1920,0
Belarus,1930,0
Belarus,1940,0
Belarus,1950,0
Belarus,1960,0
Belarus,1970,0
Belarus,1980,0
Belarus,1990,4.5
Belarus,2000,182
Belarus,2010,339.4
Belarus,2020,0
Belgium,1900,0
Belgium,1910,0
Belgium,1920,0
Belgium,1930,0
Belgium,1940,0
Belgium,1950,0
Belgium,1960,10
Belgium,1970,0
Belgium,1980,3
Belgium,1990,0.5
Belgium,2000,0.2
Belgium,2010,7.1
Belgium,2020,0
Belize,1900,0
Belize,1910,0
Belize,1920,0
Belize,1930,0
Belize,1940,0
Belize,1950,0
Belize,1960,0
Belize,1970,0
Belize,1980,0
Belize,1990,0
Belize,2000,57
Belize,2010,0
Belize,2020,0
Benin,1900,0
Benin,1910,0
Benin,1920,0
Benin,1930,0
Benin,1940,0
Benin,1950,0
Benin,1960,0
Benin,1970,20
Benin,1980,0
Benin,1990,0
Benin,2000,0
Benin,2010,100
Benin,2020,0
Bermuda,1900,0
Bermuda,1910,0
Bermuda,1920,0
Bermuda,1930,0
Bermuda,1940,0
Bermuda,1950,0
Bermuda,1960,0
Bermuda,1970,0
Bermuda,1980,4
Bermuda,1990,0
Bermuda,2000,0
Bermuda,2010,0
Bermuda,2020,0
Bhutan,1900,0
Bhutan,1910,0
Bhutan,1920,0
Bhutan,1930,0
Bhutan,1940,0
Bhutan,1950,0
Bhutan,1960,0
Bhutan,1970,0
Bhutan,1980,0
Bhutan,1990,0
Bhutan,2000,1.2
Bhutan,2010,1.6
Bhutan,2020,0.4
Bolivia,1900,0
Bolivia,1910,0
Bolivia,1920,0
Bolivia,1930,0
Bolivia,1940,0
Bolivia,1950,0
Bolivia,1960,20
Bolivia,1970,0
Bolivia,1980,0
Bolivia,1990,22.3
Bolivia,2000,27.5
Bolivia,2010,21.5
Bolivia,2020,3.6
Bosnia and Herzegovina,1900,0
Bosnia and Herzegovina,1910,0
Bosnia and Herzegovina,1920,0
Bosnia and Herzegovina,1930,0
Bosnia and Herzegovina,1940,0
Bosnia and Herzegovina,1950,0
Bosnia and Herzegovina,1960,0
Bosnia and Herzegovina,1970,0
Bosnia and Herzegovina,1980,0
Bosnia and Herzegovina,1990,0
Bosnia and Herzegovina,2000,0.3
Bosnia and Herzegovina,2010,0
Bosnia and Herzegovina,2020,4.4
Botswana,1900,0
Botswana,1910,0
Botswana,1920,0
Botswana,1930,0
Botswana,1940,0
Botswana,1950,0
Botswana,1960,0
Botswana,1970,0
Botswana,1980,0.7
Botswana,1990,0
Botswana,2000,0
Botswana,2010,0
Botswana,2020,0
Brazil,1900,0
Brazil,1910,0
Brazil,1920,0
Brazil,1930,0
Brazil,1940,0
Brazil,1950,0
Brazil,1960,628.5
Brazil,1970,270
Brazil,1980,372.2
Brazil,1990,72
Brazil,2000,106.2
Brazil,2010,297.3
Brazil,2020,366
British Virgin Islands,1900,0
British Virgin Islands,1910,0
British Virgin Islands,1920,0
British Virgin Islands,1930,0
British Virgin Islands,1940,0
British Virgin Islands,1950,0
British Virgin Islands,1960,0
British Virgin Islands,1970,0
British Virgin Islands,1980,0
British Virgin Islands,1990,0.3
British Virgin Islands,2000,0
British Virgin Islands,2010,0
British Virgin Islands,2020,0
Brunei,1900,0
Brunei,1910,0
Brunei,1920,0
Brunei,1930,0
Brunei,1940,0
Brunei,1950,0
Brunei,1960,0
Brunei,1970,0
Brunei,1980,0
Brunei,1990,0
Brunei,2000,0
Brunei,2010,0
Brunei,2020,0
Bulgaria,1900,0
Bulgaria,1910,0
Bulgaria,1920,0
Bulgaria,1930,0
Bulgaria,1940,0
Bulgaria,1950,0
Bulgaria,1960,0
Bulgaria,1970,16.5
Bulgaria,1980,6
Bulgaria,1990,2.3
Bulgaria,2000,10.8
Bulgaria,2010,11
Bulgaria,2020,7.2
Burkina Faso,1900,0
Burkina Faso,1910,0
Burkina Faso,1920,0
Burkina Faso,1930,0
Burkina Faso,1940,0
Burkina Faso,1950,0
Burkina Faso,1960,0
Burkina Faso,1970,0
Burkina Faso,1980,0
Burkina Faso,1990,0
Burkina Faso,2000,109.1
Burkina Faso,2010,10.2
Burkina Faso,2020,22.2
Burundi,1900,0
Burundi,1910,0
Burundi,1920,0
Burundi,1930,0
Burundi,1940,0
Burundi,1950,0
Burundi,1960,0
Burundi,1970,0
Burundi,1980,0
Burundi,1990,0
Burundi,2000,1.6
Burundi,2010,27.2
Burundi,2020,7.4
Cambodia,1900,0
Cambodia,1910,0
Cambodia,1920,0
Cambodia,1930,0
Cambodia,1940,0
Cambodia,1950,0
Cambodia,1960,0
Cambodia,1970,0
Cambodia,1980,0
Cambodia,1990,0
Cambodia,2000,14.4
Cambodia,2010,2.3
Cambodia,2020,0.2
Cameroon,1900,0
Cameroon,1910,0
Cameroon,1920,0
Cameroon,1930,0
Cameroon,1940,0
Cameroon,1950,0
Cameroon,1960,0
Cameroon,1970,0
Cameroon,1980,43.7
Cameroon,1990,0
Cameroon,2000,1.7
Cameroon,2010,9.5
Cameroon,2020,19
Canada,1900,4.1
Canada,1910,22.2
Canada,1920,0
Canada,1930,0
Canada,1940,0
Canada,1950,0.6
Canada,1960,2.2
Canada,1970,4
Canada,1980,45
Canada,1990,0.4
Canada,2000,14.3
Canada,2010,5.4
Canada,2020,0.4
Cape Verde,1900,0
Cape Verde,1910,0
Cape Verde,1920,0
Cape Verde,1930,0
Cape Verde,1940,0
Cape Verde,1950,0
Cape Verde,1960,0
Cape Verde,1970,0
Cape Verde,1980,12.2
Cape Verde,1990,0.6
Cape Verde,2000,0
Cape Verde,2010,0
Cape Verde,2020,0
Cayman Islands,1900,0
Cayman Islands,1910,0
Cayman Islands,1920,0
Cayman Islands,1930,0
Cayman Islands,1940,0
Cayman Islands,1950,0
Cayman Islands,1960,0
Cayman Islands,1970,0
Cayman Islands,1980,0
Cayman Islands,1990,0
Cayman Islands,2000,0
Cayman Islands,2010,0
Cayman Islands,2020,0
Central African Republic,1900,0
Central African Republic,1910,0
Central African Republic,1920,0
Central African Republic,1930,0
Central African Republic,1940,0
Central African Republic,1950,0
Central African Republic,1960,0
Central African Republic,1970,0
Central African Republic,1980,5
Central African Republic,1990,0
Central African Republic,2000,0.7
Central African Republic,2010,6.5
Central African Republic,2020,1.6
Chad,1900,0
Chad,1910,0
Chad,1920,0
Chad,1930,0
Chad,1940,0
Chad,1950,0
Chad,1960,0
Chad,1970,10
Chad,1980,4.8
Chad,1990,1.4
Chad,2000,14.5
Chad,2010,3.7
Chad,2020,111.6
Chile,1900,0
Chile,1910,0
Chile,1920,0
Chile,1930,5850
Chile,1940,20.8
Chile,1950,9
Chile,1960,335.6
Chile,1970,45.1
Chile,1980,278
Chile,1990,35.4
Chile,2000,33.7
Chile,2010,1107.9
Chile,2020,673.8
China,1900,0
China,1910,11.2
China,1920,52.4
China,1930,3.1
China,1940,193.5
China,1950,11.3
China,1960,0
China,1970,16714.6
China,1980,10352.1
China,1990,62795.7
China,2000,70963
China,2010,7796.8
China,2020,211.4
Colombia,1900,0
Colombia,1910,0
Colombia,1920,0
Colombia,1930,0
Colombia,1940,0
Colombia,1950,4.6
Colombia,1960,50
Colombia,1970,283.6
Colombia,1980,957.6
Colombia,1990,935.5
Colombia,2000,139.1
Colombia,2010,123.8
Colombia,2020,39
Comoros,1900,0
Comoros,1910,0
Comoros,1920,0
Comoros,1930,0
Comoros,1940,0
Comoros,1950,0
Comoros,1960,0
Comoros,1970,0
Comoros,1980,5.2
Comoros,1990,0
Comoros,2000,0
Comoros,2010,33
Comoros,2020,0
Congo,1900,0
Congo,1910,0
Congo,1920,0
Congo,1930,0
Congo,1940,0
Congo,1950,0
Congo,1960,0
Congo,1970,0
Congo,1980,0
Congo,1990,0
Congo,2000,0
Congo,2010,8.9
Congo,2020,0
Cook Islands,1900,0
Cook Islands,1910,0
Cook Islands,1920,0
Cook Islands,1930,0
Cook Islands,1940,0
Cook Islands,1950,0
Cook Islands,1960,0
Cook Islands,1970,0
Cook Islands,1980,0
Cook Islands,1990,20
Cook Islands,2000,0.8
Cook Islands,2010,0.8
Cook Islands,2020,0
Costa Rica,1900,0
Costa Rica,1910,0
Costa Rica,1920,0
Costa Rica,1930,0
Costa Rica,1940,0
Costa Rica,1950,0
Costa Rica,1960,22.3
Costa Rica,1970,13.8
Costa Rica,1980,756
Costa Rica,1990,57
Costa Rica,2000,20.6
Costa Rica,2010,22.5
Costa Rica,2020,0
Cote d'Ivoire,1900,0
Cote d'Ivoire,1910,0
Cote d'Ivoire,1920,0
Cote d'Ivoire,1930,0
Cote d'Ivoire,1940,0
Cote d'Ivoire,1950,0
Cote d'Ivoire,1960,0
Cote d'Ivoire,1970,0
Cote d'Ivoire,1980,0
Cote d'Ivoire,1990,0
Cote d'Ivoire,2000,0.6
Cote d'Ivoire,2010,5.7
Cote d'Ivoire,2020,29.2
Croatia,1900,0
Croatia,1910,0
Croatia,1920,0
Croatia,1930,0
Croatia,1940,0
Croatia,1950,0
Croatia,1960,0
Croatia,1970,0
Croatia,1980,0
Croatia,1990,0
Croatia,2000,22.6
Croatia,2010,8.5
Croatia,2020,32.6
Cuba,1900,0
Cuba,1910,0
Cuba,1920,0
Cuba,1930,50
Cuba,1940,30
Cuba,1950,0
Cuba,1960,3
Cuba,1970,7.8
Cuba,1980,5.1
Cuba,1990,13.8
Cuba,2000,4.4
Cuba,2010,19.5
Cuba,2020,0.6
Cyprus,1900,0
Cyprus,1910,0
Cyprus,1920,0
Cyprus,1930,0
Cyprus,1940,0
Cyprus,1950,10
Cyprus,1960,10
Cyprus,1970,0
Cyprus,1980,0
Cyprus,1990,10.5
Cyprus,2000,44
Cyprus,2010,0
Cyprus,2020,0
Czechia,1900,0
Czechia,1910,0
Czechia,1920,0
Czechia,1930,0
Czechia,1940,0
Czechia,1950,0
Czechia,1960,0
Czechia,1970,0
Czechia,1980,0
Czechia,1990,240.9
Czechia,2000,1.5
Czechia,2010,0
Czechia,2020,44.6
Czechoslovakia,1900,0
Czechoslovakia,1910,0
Czechoslovakia,1920,0
Czechoslovakia,1930,0
Czechoslovakia,1940,0
Czechoslovakia,1950,0
Czechoslovakia,1960,0
Czechoslovakia,1970,0
Czechoslovakia,1980,0
Czechoslovakia,1990,0
Czechoslovakia,2000,0
Czechoslovakia,2010,0
Czechoslovakia,2020,0
Democratic Republic of Congo,1900,0
Democratic Republic of Congo,1910,0
Democratic Republic of Congo,1920,0
Democratic Republic of Congo,1930,0
Democratic Republic of Congo,1940,0
Democratic Republic of Congo,1950,0
Democratic Republic of Congo,1960,60
Democratic Republic of Congo,1970,0
Democratic Republic of Congo,1980,0
Democratic Republic of Congo,1990,56.1
Democratic Republic of Congo,2000,322.3
Democratic Republic of Congo,2010,112.5
Democratic Republic of Congo,2020,88.6
Denmark,1900,0
Denmark,1910,0
Denmark,1920,0
Denmark,1930,0
Denmark,1940,0
Denmark,1950,0
Denmark,1960,0
Denmark,1970,0
Denmark,1980,0
Denmark,1990,0
Denmark,2000,0
Denmark,2010,0
Denmark,2020,0.6
Djibouti,1900,0
Djibouti,1910,0
Djibouti,1920,0
Djibouti,1930,0
Djibouti,1940,0
Djibouti,1950,0
Djibouti,1960,0
Djibouti,1970,0
Djibouti,1980,30
Djibouti,1990,0
Djibouti,2000,0
Djibouti,2010,0
Djibouti,2020,0
Dominica,1900,0
Dominica,1910,0
Dominica,1920,0
Dominica,1930,0
Dominica,1940,0
Dominica,1950,0
Dominica,1960,0
Dominica,1970,210
Dominica,1980,0
Dominica,1990,0.1
Dominica,2000,3
Dominica,2010,12
Dominica,2020,0
Dominican Republic,1900,0
Dominican Republic,1910,0
Dominican Republic,1920,0
Dominican Republic,1930,600
Dominican Republic,1940,0
Dominican Republic,1950,0
Dominican Republic,1960,44.2
Dominican Republic,1970,400
Dominican Republic,1980,0
Dominican Republic,1990,62.5
Dominican Republic,2000,2.9
Dominican Republic,2010,0
Dominican Republic,2020,0
East Germany,1900,0
East Germany,1910,0
East Germany,1920,0
East Germany,1930,0
East Germany,1940,0
East Germany,1950,0
East Germany,1960,0
East Germany,1970,0
East Germany,1980,0
East Germany,1990,0
East Germany,2000,0
East Germany,2010,0
East Germany,2020,0
East Timor,1900,0
East Timor,1910,0
East Timor,1920,0
East Timor,1930,0
East Timor,1940,0
East Timor,1950,0
East Timor,1960,0
East Timor,1970,0
East Timor,1980,0
East Timor,1990,0
East Timor,2000,0
East Timor,2010,0.3
East Timor,2020,1.4
Ecuador,1900,0
Ecuador,1910,0
Ecuador,1920,0
Ecuador,1930,0
Ecuador,1940,0
Ecuador,1950,0
Ecuador,1960,10
Ecuador,1970,12
Ecuador,1980,4.6
Ecuador,1990,47.6
Ecuador,2000,13.8
Ecuador,2010,654.3
Ecuador,2020,150.4
Egypt,1900,0
Egypt,1910,0
Egypt,1920,0
Egypt,1930,0
Egypt,1940,0
Egypt,1950,2.8
Egypt,1960,1.6
Egypt,1970,0
Egypt,1980,1.1
Egypt,1990,1006.6
Egypt,2000,28.9
Egypt,2010,21.3
Egypt,2020,170
El Salvador,1900,0
El Salvador,1910,0
El Salvador,1920,0
El Salvador,1930,0
El Salvador,1940,0
El Salvador,1950,0
El Salvador,1960,117.8
El Salvador,1970,0
El Salvador,1980,3800
El Salvador,1990,0
El Salvador,2000,812.3
El Salvador,2010,2.1
El Salvador,2020,0
Eritrea,1900,0
Eritrea,1910,0
Eritrea,1920,0
Eritrea,1930,0
Eritrea,1940,0
Eritrea,1950,0
Eritrea,1960,0
Eritrea,1970,0
Eritrea,1980,0
Eritrea,1990,1.6
Eritrea,2000,1.3
Eritrea,2010,0
Eritrea,2020,0
Estonia,1900,0
Estonia,1910,0
Estonia,1920,0
Estonia,1930,0
Estonia,1940,0
Estonia,1950,0
Estonia,1960,0
Estonia,1970,0
Estonia,1980,0
Estonia,1990,0
Estonia,2000,0
Estonia,2010,0
Estonia,2020,0
Eswatini,1900,0
Eswatini,1910,0
Eswatini,1920,0
Eswatini,1930,0
Eswatini,1940,0
Eswatini,1950,0
Eswatini,1960,0
Eswatini,1970,0
Eswatini,1980,0
Eswatini,1990,0
Eswatini,2000,0
Eswatini,2010,0
Eswatini,2020,0
Ethiopia,1900,0
Ethiopia,1910,0
Ethiopia,1920,0
Ethiopia,1930,0
Ethiopia,1940,0
Ethiopia,1950,0
Ethiopia,1960,16.5
Ethiopia,1970,0
Ethiopia,1980,0
Ethiopia,1990,4.6
Ethiopia,2000,13.6
Ethiopia,2010,10.1
Ethiopia,2020,0
Europe,1900,206
Europe,1910,0
Europe,1920,0
Europe,1930,98.5
Europe,1940,29.5
Europe,1950,303.1
Europe,1960,2152.7
Europe,1970,1438.8
Europe,1980,2496.2
Europe,1990,1100.1
Europe,2000,2121.7
Europe,2010,2234.7
Europe,2020,582.8
European Union (27),1900,200
European Union (27),1910,0
European Union (27),1920,0
European Union (27),1930,66.9
European Union (27),1940,18.5
European Union (27),1950,303.1
European Union (27),1960,172.3
European Union (27),1970,1381.7
European Union (27),1980,1170.2
European Union (27),1990,680.6
European Union (27),2000,604.2
European Union (27),2010,416.8
European Union (27),2020,539.2
Fiji,1900,0
Fiji,1910,0
Fiji,1920,0
Fiji,1930,0
Fiji,1940,0
Fiji,1950,80
Fiji,1960,0
Fiji,1970,30
Fiji,1980,26.4
Fiji,1990,0.3
Fiji,2000,0
Fiji,2010,14.4
Fiji,2020,0
Finland,1900,0
Finland,1910,0
Finland,1920,0
Finland,1930,0
Finland,1940,0
Finland,1950,0
Finland,1960,0
Finland,1970,0
Finland,1980,0
Finland,1990,0
Finland,2000,0
Finland,2010,0
Finland,2020,0
France,1900,0
France,1910,0
France,1920,0
France,1930,0
France,1940,0
France,1950,0
France,1960,8
France,1970,3.9
France,1980,19.3
France,1990,8.6
France,2000,42.5
France,2010,25.9
France,2020,47.8
French Guiana,1900,0
French Guiana,1910,0
French Guiana,1920,0
French Guiana,1930,0
French Guiana,1940,0
French Guiana,1950,0
French Guiana,1960,0
French Guiana,1970,0
French Guiana,1980,0
French Guiana,1990,0
French Guiana,2000,0.5
French Guiana,2010,0
French Guiana,2020,0
French Polynesia,1900,0
French Polynesia,1910,0
French Polynesia,1920,0
French Polynesia,1930,0
French Polynesia,1940,0
French Polynesia,1950,0
French Polynesia,1960,0
French Polynesia,1970,0
French Polynesia,1980,5
French Polynesia,1990,1.1
French Polynesia,2000,0
French Polynesia,2010,1.5
French Polynesia,2020,0
Gabon,1900,0
Gabon,1910,0
Gabon,1920,0
Gabon,1930,0
Gabon,1940,0
Gabon,1950,0
Gabon,1960,0
Gabon,1970,0
Gabon,1980,0
Gabon,1990,0
Gabon,2000,0
Gabon,2010,0
Gabon,2020,0
Gambia,1900,0
Gambia,1910,0
Gambia,1920,0
Gambia,1930,0
Gambia,1940,0
Gambia,1950,0
Gambia,1960,0
Gambia,1970,0
Gambia,1980,0
Gambia,1990,0
Gambia,2000,13.1
Gambia,2010,10.1
Gambia,2020,20
Georgia,1900,0
Georgia,1910,0
Georgia,1920,0
Georgia,1930,0
Georgia,1940,0
Georgia,1950,0
Georgia,1960,0
Georgia,1970,0
Georgia,1980,0
Georgia,1990,21
Georgia,2000,7.6
Georgia,2010,3.6
Georgia,2020,0
Germany,1900,0
Germany,1910,0
Germany,1920,0
Germany,1930,0
Germany,1940,0
Germany,1950,0
Germany,1960,0
Germany,1970,0
Germany,1980,0
Germany,1990,4
Germany,2000,72.4
Germany,2010,3.9
Germany,2020,207.8
Ghana,1900,0
Ghana,1910,0
Ghana,1920,0
Ghana,1930,13
Ghana,1940,0
Ghana,1950,0
Ghana,1960,0
Ghana,1970,0
Ghana,1980,0
Ghana,1990,2.9
Ghana,2000,2.5
Ghana,2010,4.3
Ghana,2020,2.6
Greece,1900,0
Greece,1910,0
Greece,1920,0
Greece,1930,66.9
Greece,1940,6.5
Greece,1950,286.1
Greece,1960,70
Greece,1970,10
Greece,1980,74.9
Greece,1990,225.6
Greece,2000,58.2
Greece,2010,90.3
Greece,2020,112.2
Grenada,1900,0
Grenada,1910,0
Grenada,1920,0
Grenada,1930,0
Grenada,1940,0
Grenada,1950,0
Grenada,1960,0
Grenada,1970,0
Grenada,1980,0
Grenada,1990,0
Grenada,2000,0
Grenada,2010,0
Grenada,2020,0
Guadeloupe,1900,0
Guadeloupe,1910,0
Guadeloupe,1920,0
Guadeloupe,1930,0
Guadeloupe,1940,0
Guadeloupe,1950,0
Guadeloupe,1960,10
Guadeloupe,1970,0.3
Guadeloupe,1980,8.4
Guadeloupe,1990,4.9
Guadeloupe,2000,1.3
Guadeloupe,2010,0.2
Guadeloupe,2020,0
Guam,1900,0
Guam,1910,0
Guam,1920,0
Guam,1930,0
Guam,1940,0
Guam,1950,0
Guam,1960,0
Guam,1970,0
Guam,1980,0
Guam,1990,63.3
Guam,2000,0
Guam,2010,0
Guam,2020,0
Guatemala,1900,0
Guatemala,1910,0
Guatemala,1920,0
Guatemala,1930,0
Guatemala,1940,0
Guatemala,1950,0
Guatemala,1960,0
Guatemala,1970,7704
Guatemala,1980,30.6
Guatemala,1990,19.3
Guatemala,2000,48.4
Guatemala,2010,89.2
Guatemala,2020,14.4
Guinea,1900,0
Guinea,1910,0
Guinea,1920,0
Guinea,1930,0
Guinea,1940,0
Guinea,1950,0
Guinea,1960,0
Guinea,1970,0
Guinea,1980,143.6
Guinea,1990,0
Guinea,2000,0
Guinea,2010,6
Guinea,2020,192.6
Guinea-Bissau,1900,0
Guinea-Bissau,1910,0
Guinea-Bissau,1920,0
Guinea-Bissau,1930,0
Guinea-Bissau,1940,0
Guinea-Bissau,1950,0
Guinea-Bissau,1960,0
Guinea-Bissau,1970,0
Guinea-Bissau,1980,0.3
Guinea-Bissau,1990,0
Guinea-Bissau,2000,0
Guinea-Bissau,2010,0
Guinea-Bissau,2020,0
Guyana,1900,0
Guyana,1910,0
Guyana,1920,0
Guyana,1930,0
Guyana,1940,0
Guyana,1950,0
Guyana,1960,0
Guyana,1970,0
Guyana,1980,0
Guyana,1990,0
Guyana,2000,0
Guyana,2010,0
Guyana,2020,0
Haiti,1900,0
Haiti,1910,0
Haiti,1920,0
Haiti,1930,0
Haiti,1940,0
Haiti,1950,0
Haiti,1960,88.1
Haiti,1970,0
Haiti,1980,87.1
Haiti,1990,2.9
Haiti,2000,325
Haiti,2010,30866.6
Haiti,2020,2563.6
High-income countries,1900,248.9
High-income countries,1910,32.7
High-income countries,1920,10702.8
High-income countries,1930,7910.3
High-income countries,1940,1480.8
High-income countries,1950,455.4
High-income countries,1960,1307.9
High-income countries,1970,2810.9
High-income countries,1980,2375.3
High-income countries,1990,7193.9
High-income countries,2000,3153.7
High-income countries,2010,23626.1
High-income countries,2020,5442
Honduras,1900,0
Honduras,1910,0
Honduras,1920,0
Honduras,1930,0
Honduras,1940,0
Honduras,1950,0
Honduras,1960,0.2
Honduras,1970,0
Honduras,1980,1.2
Honduras,1990,1202.3
Honduras,2000,16.6
Honduras,2010,1.4
Honduras,2020,0.6
Hong Kong,1900,0
Hong Kong,1910,0
Hong Kong,1920,0
Hong Kong,1930,0
Hong Kong,1940,0
Hong Kong,1950,11.1
Hong Kong,1960,59.7
Hong Kong,1970,104.3
Hong Kong,1980,79.7
Hong Kong,1990,109.6
Hong Kong,2000,29
Hong Kong,2010,42.9
Hong Kong,2020,48
Hungary,1900,0
Hungary,1910,0
Hungary,1920,0
Hungary,1930,0
Hungary,1940,0
Hungary,1950,0
Hungary,1960,0
Hungary,1970,0
Hungary,1980,0
Hungary,1990,0
Hungary,2000,80
Hungary,2010,0
Hungary,2020,0
Iceland,1900,0
Iceland,1910,0
Iceland,1920,0
Iceland,1930,0
Iceland,1940,0
Iceland,1950,0
Iceland,1960,0
Iceland,1970,0.6
Iceland,1980,0
Iceland,1990,2
Iceland,2000,0.1
Iceland,2010,0
Iceland,2020,0
India,1900,0
India,1910,0
India,1920,1
India,1930,0
India,1940,0
India,1950,21.9
India,1960,227.2
India,1970,241.2
India,1980,655.2
India,1990,4229.8
India,2000,18621
India,2010,846.7
India,2020,549.6
Indonesia,1900,0
Indonesia,1910,2
Indonesia,1920,5
Indonesia,1930,13.5
Indonesia,1940,209.6
Indonesia,1950,190.6
Indonesia,1960,247.8
Indonesia,1970,719.2
Indonesia,1980,131.9
Indonesia,1990,25743.4
Indonesia,2000,15364.8
Indonesia,2010,2554.1
Indonesia,2020,1657.8
Iran,1900,0
Iran,1910,0
Iran,1920,112.1
Iran,1930,0
Iran,1940,600
Iran,1950,598.4
Iran,1960,752
Iran,1970,294.2
Iran,1980,438.3
Iran,1990,11316
Iran,2000,2846.7
Iran,2010,1683.5
Iran,2020,1241.2
Iraq,1900,0
Iraq,1910,0
Iraq,1920,0
Iraq,1930,0
Iraq,1940,0
Iraq,1950,0
Iraq,1960,0
Iraq,1970,0
Iraq,1980,0
Iraq,1990,0
Iraq,2000,2
Iraq,2010,47
Iraq,2020,1000.6
Ireland,1900,0
Ireland,1910,0
Ireland,1920,0
Ireland,1930,0
Ireland,1940,0
Ireland,1950,0
Ireland,1960,0
Ireland,1970,0
Ireland,1980,0
Ireland,1990,0
Ireland,2000,0
Ireland,2010,0
Ireland,2020,0
Isle of Man,1900,0
Isle of Man,1910,0
Isle of Man,1920,0
Isle of Man,1930,0
Isle of Man,1940,0
Isle of Man,1950,0
Isle of Man,1960,0
Isle of Man,1970,0
Isle of Man,1980,0
Isle of Man,1990,0
Isle of Man,2000,0
Isle of Man,2010,0
Isle of Man,2020,0
Israel,1900,0
Israel,1910,0
Israel,1920,0
Israel,1930,0
Israel,1940,0
Israel,1950,0
Israel,1960,0
Israel,1970,0
Israel,1980,0
Israel,1990,4
Israel,2000,0
Israel,2010,335.9
Israel,2020,0
Italy,1900,200
Italy,1910,0
Italy,1920,0
Italy,1930,0
Italy,1940,0
Italy,1950,0
Italy,1960,56.3
Italy,1970,189.3
Italy,1980,836
Italy,1990,42.1
Italy,2000,123.5
Italy,2010,93.2
Italy,2020,31.4
Jamaica,1900,0
Jamaica,1910,0
Jamaica,1920,0
Jamaica,1930,0
Jamaica,1940,0
Jamaica,1950,20
Jamaica,1960,0
Jamaica,1970,1
Jamaica,1980,0.9
Jamaica,1990,0
Jamaica,2000,0.6
Jamaica,2010,2.6
Jamaica,2020,0
Japan,1900,0
Japan,1910,0
Japan,1920,10702.8
Japan,1930,187.7
Japan,1940,1403.1
Japan,1950,21.7
Japan,1960,201.1
Japan,1970,113.3
Japan,1980,180.6
Japan,1990,4055.3
Japan,2000,1605.8
Japan,2010,20370.6
Japan,2020,3452.2
Jordan,1900,0
Jordan,1910,0
Jordan,1920,0
Jordan,1930,0
Jordan,1940,0
Jordan,1950,0
Jordan,1960,9.2
Jordan,1970,0
Jordan,1980,2.9
Jordan,1990,0
Jordan,2000,23.7
Jordan,2010,6.4
Jordan,2020,0
Kazakhstan,1900,0
Kazakhstan,1910,0
Kazakhstan,1920,0
Kazakhstan,1930,0
Kazakhstan,1940,0
Kazakhstan,1950,0
Kazakhstan,1960,0
Kazakhstan,1970,0
Kazakhstan,1980,0
Kazakhstan,1990,0
Kazakhstan,2000,63.8
Kazakhstan,2010,70.9
Kazakhstan,2020,0
Kenya,1900,0
Kenya,1910,0
Kenya,1920,0
Kenya,1930,0
Kenya,1940,0
Kenya,1950,0
Kenya,1960,0
Kenya,1970,0
Kenya,1980,0
Kenya,1990,0
Kenya,2000,3.5
Kenya,2010,12.6
Kenya,2020,54.2
Kiribati,1900,0
Kiribati,1910,0
Kiribati,1920,0
Kiribati,1930,0
Kiribati,1940,0
Kiribati,1950,0
Kiribati,1960,0
Kiribati,1970,0
Kiribati,1980,0
Kiribati,1990,0
Kiribati,2000,0
Kiribati,2010,0
Kiribati,2020,0
Kuwait,1900,0
Kuwait,1910,0
Kuwait,1920,0
Kuwait,1930,0
Kuwait,1940,0
Kuwait,1950,0
Kuwait,1960,0
Kuwait,1970,0
Kuwait,1980,0
Kuwait,1990,0
Kuwait,2000,0
Kuwait,2010,0
Kuwait,2020,0
Kyrgyzstan,1900,0
Kyrgyzstan,1910,0
Kyrgyzstan,1920,0
Kyrgyzstan,1930,0
Kyrgyzstan,1940,0
Kyrgyzstan,1950,0
Kyrgyzstan,1960,0
Kyrgyzstan,1970,0
Kyrgyzstan,1980,0
Kyrgyzstan,1990,10
Kyrgyzstan,2000,16.2
Kyrgyzstan,2010,5
Kyrgyzstan,2020,0
Laos,1900,0
Laos,1910,0
Laos,1920,0
Laos,1930,0
Laos,1940,0
Laos,1950,0
Laos,1960,0
Laos,1970,0
Laos,1980,0
Laos,1990,37.2
Laos,2000,9.1
Laos,2010,7.7
Laos,2020,0.4
Latvia,1900,0
Latvia,1910,0
Latvia,1920,0
Latvia,1930,0
Latvia,1940,0
Latvia,1950,0
Latvia,1960,0
Latvia,1970,0
Latvia,1980,0
Latvia,1990,0
Latvia,2000,0
Latvia,2010,0
Latvia,2020,0
Lebanon,1900,0
Lebanon,1910,0
Lebanon,1920,0
Lebanon,1930,0
Lebanon,1940,0
Lebanon,1950,20
Lebanon,1960,0
Lebanon,1970,0
Lebanon,1980,0
Lebanon,1990,7.5
Lebanon,2000,1.5
Lebanon,2010,75.9
Lebanon,2020,0
Lesotho,1900,0
Lesotho,1910,0
Lesotho,1920,0
Lesotho,1930,0
Lesotho,1940,0
Lesotho,1950,0
Lesotho,1960,0
Lesotho,1970,0
Lesotho,1980,0
Lesotho,1990,0
Lesotho,2000,0.1
Lesotho,2010,0
Lesotho,2020,0
Liberia,1900,0
Liberia,1910,0
Liberia,1920,0
Liberia,1930,0
Liberia,1940,0
Liberia,1950,0
Liberia,1960,0
Liberia,1970,0
Liberia,1980,0
Liberia,1990,0
Liberia,2000,0
Liberia,2010,0
Liberia,2020,0
Libya,1900,0
Libya,1910,0
Libya,1920,0
Libya,1930,0
Libya,1940,0
Libya,1950,0
Libya,1960,37.5
Libya,1970,0
Libya,1980,0
Libya,1990,0
Libya,2000,0
Libya,2010,3
Libya,2020,0
Lithuania,1900,0
Lithuania,1910,0
Lithuania,1920,0
Lithuania,1930,0
Lithuania,1940,0
Lithuania,1950,0
Lithuania,1960,0
Lithuania,1970,0
Lithuania,1980,0
Lithuania,1990,0
Lithuania,2000,0
Lithuania,2010,0
Lithuania,2020,0
Low-income countries,1900,0
Low-income countries,1910,0
Low-income countries,1920,0
Low-income countries,1930,0
Low-income countries,1940,0
Low-income countries,1950,200
Low-income countries,1960,133
Low-income countries,1970,43.8
Low-income countries,1980,447.9
Low-income countries,1990,2545.8
Low-income countries,2000,1377.8
Low-income countries,2010,7765.5
Low-income countries,2020,5669.6
Lower-middle-income countries,1900,0
Lower-middle-income countries,1910,19.9
Lower-middle-income countries,1920,113.1
Lower-middle-income countries,1930,2533
Lower-middle-income countries,1940,600
Lower-middle-income countries,1950,1398.4
Lower-middle-income countries,1960,73115.3
Lower-middle-income countries,1970,8611.5
Lower-middle-income countries,1980,6914.6
Lower-middle-income countries,1990,40050.3
Lower-middle-income countries,2000,50658.6
Lower-middle-income countries,2010,45695.9
Lower-middle-income countries,2020,10767
Luxembourg,1900,0
Luxembourg,1910,0
Luxembourg,1920,0
Luxembourg,1930,0
Luxembourg,1940,0
Luxembourg,1950,0
Luxembourg,1960,0
Luxembourg,1970,0
Luxembourg,1980,0
Luxembourg,1990,0
Luxembourg,2000,0
Luxembourg,2010,1.9
Luxembourg,2020,0
Macao,1900,0
Macao,1910,0
Macao,1920,0
Macao,1930,0
Macao,1940,0
Macao,1950,0
Macao,1960,0
Macao,1970,0
Macao,1980,0
Macao,1990,3.8
Macao,2000,0
Macao,2010,20
Macao,2020,0
Madagascar,1900,0
Madagascar,1910,0
Madagascar,1920,0
Madagascar,1930,0
Madagascar,1940,0
Madagascar,1950,0
Madagascar,1960,4
Madagascar,1970,13.2
Madagascar,1980,63.9
Madagascar,1990,5.1
Madagascar,2000,289.7
Madagascar,2010,721.4
Madagascar,2020,1
Malawi,1900,0
Malawi,1910,0
Malawi,1920,0
Malawi,1930,0
Malawi,1940,0
Malawi,1950,0
Malawi,1960,0
Malawi,1970,0
Malawi,1980,10
Malawi,1990,0
Malawi,2000,19.4
Malawi,2010,132.7
Malawi,2020,526.4
Malaysia,1900,0
Malaysia,1910,0
Malaysia,1920,0
Malaysia,1930,0
Malaysia,1940,0
Malaysia,1950,0
Malaysia,1960,0
Malaysia,1970,0
Malaysia,1980,0
Malaysia,1990,6.1
Malaysia,2000,76.7
Malaysia,2010,1.6
Malaysia,2020,0.6
Maldives,1900,0
Maldives,1910,0
Maldives,1920,0
Maldives,1930,0
Maldives,1940,0
Maldives,1950,0
Maldives,1960,0
Maldives,1970,0
Maldives,1980,0
Maldives,1990,0
Maldives,2000,221.4
Maldives,2010,0
Maldives,2020,0
Mali,1900,0
Mali,1910,0
Mali,1920,0
Mali,1930,0
Mali,1940,0
Mali,1950,0
Mali,1960,0
Mali,1970,0
Mali,1980,0
Mali,1990,0
Mali,2000,5
Mali,2010,0.2
Mali,2020,2.4
Malta,1900,0
Malta,1910,0
Malta,1920,0
Malta,1930,0
Malta,1940,0
Malta,1950,0
Malta,1960,0
Malta,1970,0
Malta,1980,0
Malta,1990,0
Malta,2000,0
Malta,2010,0
Malta,2020,0
Marshall Islands,1900,0
Marshall Islands,1910,0
Marshall Islands,1920,0
Marshall Islands,1930,0
Marshall Islands,1940,0
Marshall Islands,1950,0
Marshall Islands,1960,0
Marshall Islands,1970,0
Marshall Islands,1980,0
Marshall Islands,1990,0
Marshall Islands,2000,0
Marshall Islands,2010,0
Marshall Islands,2020,0
Martinique,1900,0
Martinique,1910,0
Martinique,1920,0
Martinique,1930,0
Martinique,1940,0
Martinique,1950,0
Martinique,1960,0
Martinique,1970,0.3
Martinique,1980,0
Martinique,1990,1
Martinique,2000,10.6
Martinique,2010,0.2
Martinique,2020,0
Mauritania,1900,0
Mauritania,1910,0
Mauritania,1920,0
Mauritania,1930,0
Mauritania,1940,0
Mauritania,1950,0
Mauritania,1960,0
Mauritania,1970,0
Mauritania,1980,0
Mauritania,1990,31.7
Mauritania,2000,1.9
Mauritania,2010,4
Mauritania,2020,0
Mauritius,1900,0
Mauritius,1910,0
Mauritius,1920,0
Mauritius,1930,0
Mauritius,1940,0
Mauritius,1950,0
Mauritius,1960,2.4
Mauritius,1970,33.2
Mauritius,1980,50.8
Mauritius,1990,100
Mauritius,2000,5
Mauritius,2010,8.2
Mauritius,2020,0
Mexico,1900,0
Mexico,1910,2.2
Mexico,1920,16.7
Mexico,1930,12
Mexico,1940,0
Mexico,1950,30
Mexico,1960,56.9
Mexico,1970,202.2
Mexico,1980,3192.1
Mexico,1990,108
Mexico,2000,140.8
Mexico,2010,709.2
Mexico,2020,8.2
Micronesia (country),1900,0
Micronesia (country),1910,0
Micronesia (country),1920,0
Micronesia (country),1930,0
Micronesia (country),1940,0
Micronesia (country),1950,0
Micronesia (country),1960,0
Micronesia (country),1970,0
Micronesia (country),1980,0.3
Micronesia (country),1990,0
Micronesia (country),2000,15.6
Micronesia (country),2010,0
Micronesia (country),2020,0
Moldova,1900,0
Moldova,1910,0
Moldova,1920,0
Moldova,1930,0
Moldova,1940,0
Moldova,1950,0
Moldova,1960,0
Moldova,1970,0
Moldova,1980,0
Moldova,1990,8
Moldova,2000,0
Moldova,2010,0
Moldova,2020,2
Mongolia,1900,0
Mongolia,1910,0
Mongolia,1920,0
Mongolia,1930,0
Mongolia,1940,0
Mongolia,1950,0
Mongolia,1960,0
Mongolia,1970,0
Mongolia,1980,0
Mongolia,1990,6.1
Mongolia,2000,0.1
Mongolia,2010,0.6
Mongolia,2020,0
Montenegro,1900,0
Montenegro,1910,0
Montenegro,1920,0
Montenegro,1930,0
Montenegro,1940,0
Montenegro,1950,0
Montenegro,1960,0
Montenegro,1970,0
Montenegro,1980,0
Montenegro,1990,0
Montenegro,2000,0
Montenegro,2010,0
Montenegro,2020,0
Montserrat,1900,0
Montserrat,1910,0
Montserrat,1920,0
Montserrat,1930,0
Montserrat,1940,0
Montserrat,1950,0
Montserrat,1960,0
Montserrat,1970,0
Montserrat,1980,4
Montserrat,1990,0
Montserrat,2000,0
Montserrat,2010,0
Montserrat,2020,0
Morocco,1900,0
Morocco,1910,0
Morocco,1920,0
Morocco,1930,0
Morocco,1940,0
Morocco,1950,0
Morocco,1960,1
Morocco,1970,0.3
Morocco,1980,0
Morocco,1990,0
Morocco,2000,96.3
Morocco,2010,3.8
Morocco,2020,1136.8
Mozambique,1900,0
Mozambique,1910,0
Mozambique,1920,0
Mozambique,1930,0
Mozambique,1940,0
Mozambique,1950,0
Mozambique,1960,0
Mozambique,1970,5.1
Mozambique,1980,0
Mozambique,1990,200
Mozambique,2000,19.1
Mozambique,2010,203.8
Mozambique,2020,114.2
Myanmar,1900,0
Myanmar,1910,0
Myanmar,1920,0
Myanmar,1930,0
Myanmar,1940,0
Myanmar,1950,0
Myanmar,1960,20
Myanmar,1970,0
Myanmar,1980,0
Myanmar,1990,0
Myanmar,2000,2015.7
Myanmar,2010,50.3
Myanmar,2020,43.8
Namibia,1900,0
Namibia,1910,0
Namibia,1920,0
Namibia,1930,0
Namibia,1940,0
Namibia,1950,0
Namibia,1960,0
Namibia,1970,0
Namibia,1980,0
Namibia,1990,0
Namibia,2000,0
Namibia,2010,0
Namibia,2020,0
Nepal,1900,0
Nepal,1910,0
Nepal,1920,0
Nepal,1930,0
Nepal,1940,0
Nepal,1950,0
Nepal,1960,10
Nepal,1970,4.8
Nepal,1980,672.3
Nepal,1990,59.3
Nepal,2000,78.7
Nepal,2010,2174.8
Nepal,2020,172.2
Netherlands,1900,0
Netherlands,1910,0
Netherlands,1920,0
Netherlands,1930,0
Netherlands,1940,0
Netherlands,1950,0
Netherlands,1960,0
Netherlands,1970,0
Netherlands,1980,0
Netherlands,1990,6
Netherlands,2000,0.1
Netherlands,2010,0
Netherlands,2020,0.8
Netherlands Antilles,1900,0
Netherlands Antilles,1910,0
Netherlands Antilles,1920,0
Netherlands Antilles,1930,0
Netherlands Antilles,1940,0
Netherlands Antilles,1950,0
Netherlands Antilles,1960,0
Netherlands Antilles,1970,0
Netherlands Antilles,1980,0
Netherlands Antilles,1990,0
Netherlands Antilles,2000,0
Netherlands Antilles,2010,0
Netherlands Antilles,2020,0
New Caledonia,1900,0
New Caledonia,1910,0
New Caledonia,1920,0
New Caledonia,1930,0
New Caledonia,1940,0
New Caledonia,1950,0
New Caledonia,1960,0
New Caledonia,1970,0
New Caledonia,1980,0
New Caledonia,1990,0
New Caledonia,2000,10
New Caledonia,2010,0
New Caledonia,2020,0
New Zealand,1900,0
New Zealand,1910,0
New Zealand,1920,0
New Zealand,1930,0
New Zealand,1940,0
New Zealand,1950,0
New Zealand,1960,1.4
New Zealand,1970,0
New Zealand,1980,2.5
New Zealand,1990,0
New Zealand,2000,0
New Zealand,2010,163.1
New Zealand,2020,0
Nicaragua,1900,0
Nicaragua,1910,0
Nicaragua,1920,0
Nicaragua,1930,0
Nicaragua,1940,0
Nicaragua,1950,0
Nicaragua,1960,0
Nicaragua,1970,2005
Nicaragua,1980,27.8
Nicaragua,1990,79.5
Nicaragua,2000,6
Nicaragua,2010,28.4
Nicaragua,2020,2.4
Niger,1900,0
Niger,1910,0
Niger,1920,0
Niger,1930,0
Niger,1940,0
Niger,1950,0
Niger,1960,0
Niger,1970,0
Niger,1980,0
Niger,1990,0
Niger,2000,1.6
Niger,2010,2.7
Niger,2020,62
Nigeria,1900,0
Nigeria,1910,0
Nigeria,1920,0
Nigeria,1930,0
Nigeria,1940,0
Nigeria,1950,0
Nigeria,1960,0
Nigeria,1970,0
Nigeria,1980,0
Nigeria,1990,0
Nigeria,2000,65.4
Nigeria,2010,270.6
Nigeria,2020,666.4
Niue,1900,0
Niue,1910,0
Niue,1920,0
Niue,1930,0
Niue,1940,0
Niue,1950,0
Niue,1960,0
Niue,1970,0
Niue,1980,0
Niue,1990,0
Niue,2000,0.2
Niue,2010,0
Niue,2020,0
North America,1900,4.1
North America,1910,24.4
North America,1920,16.7
North America,1930,662
North America,1940,30
North America,1950,70.6
North America,1960,471.8
North America,1970,10816.5
North America,1980,8508.7
North America,1990,2723.5
North America,2000,1869.6
North America,2010,32558.7
North America,2020,2951.2
North Korea,1900,0
North Korea,1910,0
North Korea,1920,0
North Korea,1930,0
North Korea,1940,0
North Korea,1950,0
North Korea,1960,0
North Korea,1970,0
North Korea,1980,7.1
North Korea,1990,26.6
North Korea,2000,143.7
North Korea,2010,103.4
North Korea,2020,0
North Macedonia,1900,0
North Macedonia,1910,0
North Macedonia,1920,0
North Macedonia,1930,0
North Macedonia,1940,0
North Macedonia,1950,0
North Macedonia,1960,0
North Macedonia,1970,0
North Macedonia,1980,0
North Macedonia,1990,0
North Macedonia,2000,0.3
North Macedonia,2010,19
North Macedonia,2020,0
Northern Mariana Islands,1900,0
Northern Mariana Islands,1910,0
Northern Mariana Islands,1920,0
Northern Mariana Islands,1930,0
Northern Mariana Islands,1940,0
Northern Mariana Islands,1950,0
Northern Mariana Islands,1960,0
Northern Mariana Islands,1970,0
Northern Mariana Islands,1980,0
Northern Mariana Islands,1990,0
Northern Mariana Islands,2000,0
Northern Mariana Islands,2010,1
Northern Mariana Islands,2020,0
Norway,1900,0
Norway,1910,0
Norway,1920,0
Norway,1930,0
Norway,1940,0
Norway,1950,0
Norway,1960,0
Norway,1970,0
Norway,1980,0
Norway,1990,0
Norway,2000,10
Norway,2010,0
Norway,2020,2
Oceania,1900,0
Oceania,1910,0
Oceania,1920,0
Oceania,1930,0
Oceania,1940,0
Oceania,1950,80
Oceania,1960,13.4
Oceania,1970,97.1
Oceania,1980,58.3
Oceania,1990,323
Oceania,2000,354.3
Oceania,2010,232.8
Oceania,2020,35
Oman,1900,0
Oman,1910,0
Oman,1920,0
Oman,1930,0
Oman,1940,0
Oman,1950,0
Oman,1960,0
Oman,1970,9.6
Oman,1980,0
Oman,1990,0
Oman,2000,3.3
Oman,2010,20
Oman,2020,0
Pakistan,1900,0
Pakistan,1910,0
Pakistan,1920,0
Pakistan,1930,2500
Pakistan,1940,0
Pakistan,1950,0
Pakistan,1960,0
Pakistan,1970,1500
Pakistan,1980,303.5
Pakistan,1990,144.5
Pakistan,2000,13126.8
Pakistan,2010,1390.6
Pakistan,2020,2866
Palau,1900,0
Palau,1910,0
Palau,1920,0
Palau,1930,0
Palau,1940,0
Palau,1950,0
Palau,1960,0
Palau,1970,0
Palau,1980,0
Palau,1990,0
Palau,2000,0
Palau,2010,0
Palau,2020,0
Palestine,1900,0
Palestine,1910,0
Palestine,1920,0
Palestine,1930,0
Palestine,1940,0
Palestine,1950,0
Palestine,1960,0
Palestine,1970,0
Palestine,1980,0
Palestine,1990,0
Palestine,2000,0
Palestine,2010,10
Palestine,2020,0
Panama,1900,0
Panama,1910,0
Panama,1920,0
Panama,1930,0
Panama,1940,0
Panama,1950,0
Panama,1960,1.8
Panama,1970,50
Panama,1980,0
Panama,1990,70.7
Panama,2000,8
Panama,2010,33.1
Panama,2020,0
Papua New Guinea,1900,0
Papua New Guinea,1910,0
Papua New Guinea,1920,0
Papua New Guinea,1930,0
Papua New Guinea,1940,0
Papua New Guinea,1950,0
Papua New Guinea,1960,0
Papua New Guinea,1970,2
Papua New Guinea,1980,0
Papua New Guinea,1990,94.7
Papua New Guinea,2000,10.3
Papua New Guinea,2010,30.1
Papua New Guinea,2020,7
Paraguay,1900,0
Paraguay,1910,0
Paraguay,1920,0
Paraguay,1930,0
Paraguay,1940,0
Paraguay,1950,0
Paraguay,1960,0
Paraguay,1970,0
Paraguay,1980,0
Paraguay,1990,7.7
Paraguay,2000,0
Paraguay,2010,12.5
Paraguay,2020,3.8
Peru,1900,0
Peru,1910,0
Peru,1920,0
Peru,1930,0
Peru,1940,352.5
Peru,1950,22
Peru,1960,233.6
Peru,1970,14704.7
Peru,1980,88.4
Peru,1990,434.4
Peru,2000,182861.8
Peru,2010,208
Peru,2020,158.4
Philippines,1900,0
Philippines,1910,19.9
Philippines,1920,0
Philippines,1930,20
Philippines,1940,0
Philippines,1950,255.3
Philippines,1960,246.7
Philippines,1970,1348.9
Philippines,1980,712.7
Philippines,1990,1271.6
Philippines,2000,714.4
Philippines,2010,4535.5
Philippines,2020,693
Poland,1900,0
Poland,1910,0
Poland,1920,0
Poland,1930,0
Poland,1940,0
Poland,1950,0
Poland,1960,0
Poland,1970,0
Poland,1980,0
Poland,1990,0
Poland,2000,9.2
Poland,2010,28.5
Poland,2020,6.6
Portugal,1900,0
Portugal,1910,0
Portugal,1920,0
Portugal,1930,0
Portugal,1940,0
Portugal,1950,0
Portugal,1960,18
Portugal,1970,22
Portugal,1980,65
Portugal,1990,10.5
Portugal,2000,14.6
Portugal,2010,62.5
Portugal,2020,44.4
Puerto Rico,1900,0
Puerto Rico,1910,0
Puerto Rico,1920,0
Puerto Rico,1930,0
Puerto Rico,1940,0
Puerto Rico,1950,0
Puerto Rico,1960,0
Puerto Rico,1970,0
Puerto Rico,1980,0
Puerto Rico,1990,0
Puerto Rico,2000,0
Puerto Rico,2010,0
Puerto Rico,2020,1.6
Qatar,1900,0
Qatar,1910,0
Qatar,1920,0
Qatar,1930,0
Qatar,1940,0
Qatar,1950,0
Qatar,1960,0
Qatar,1970,0
Qatar,1980,0
Qatar,1990,0
Qatar,2000,0
Qatar,2010,0
Qatar,2020,0
Reunion,1900,0
Reunion,1910,0
Reunion,1920,0
Reunion,1930,0
Reunion,1940,0
Reunion,1950,0
Reunion,1960,0
Reunion,1970,0
Reunion,1980,6.1
Reunion,1990,0
Reunion,2000,39
Reunion,2010,1.5
Reunion,2020,2.6
Romania,1900,0
Romania,1910,0
Romania,1920,0
Romania,1930,0
Romania,1940,0
Romania,1950,0
Romania,1960,0
Romania,1970,1130
Romania,1980,0
Romania,1990,99.6
Romania,2000,83.2
Romania,2010,37.6
Romania,2020,0
Russia,1900,0
Russia,1910,0
Russia,1920,0
Russia,1930,0
Russia,1940,0
Russia,1950,0
Russia,1960,0
Russia,1970,0
Russia,1980,0
Russia,1990,231.2
Russia,2000,218.1
Russia,2010,1025.6
Russia,2020,18
Rwanda,1900,0
Rwanda,1910,0
Rwanda,1920,0
Rwanda,1930,0
Rwanda,1940,0
Rwanda,1950,0
Rwanda,1960,0
Rwanda,1970,0
Rwanda,1980,5
Rwanda,1990,0
Rwanda,2000,81.8
Rwanda,2010,19.7
Rwanda,2020,32.4
Saint Barthelemy,1900,0
Saint Barthelemy,1910,0
Saint Barthelemy,1920,0
Saint Barthelemy,1930,0
Saint Barthelemy,1940,0
Saint Barthelemy,1950,0
Saint Barthelemy,1960,0
Saint Barthelemy,1970,0
Saint Barthelemy,1980,0
Saint Barthelemy,1990,0
Saint Barthelemy,2000,0
Saint Barthelemy,2010,0
Saint Barthelemy,2020,0
Saint Helena,1900,0
Saint Helena,1910,0
Saint Helena,1920,0
Saint Helena,1930,0
Saint Helena,1940,0
Saint Helena,1950,0
Saint Helena,1960,0
Saint Helena,1970,0
Saint Helena,1980,0
Saint Helena,1990,0
Saint Helena,2000,0
Saint Helena,2010,0
Saint Helena,2020,0
Saint Kitts and Nevis,1900,0
Saint Kitts and Nevis,1910,0
Saint Kitts and Nevis,1920,0
Saint Kitts and Nevis,1930,0
Saint Kitts and Nevis,1940,0
Saint Kitts and Nevis,1950,0
Saint Kitts and Nevis,1960,0
Saint Kitts and Nevis,1970,0
Saint Kitts and Nevis,1980,0
Saint Kitts and Nevis,1990,0
Saint Kitts and Nevis,2000,0
Saint Kitts and Nevis,2010,0
Saint Kitts and Nevis,2020,0
Saint Lucia,1900,0
Saint Lucia,1910,0
Saint Lucia,1920,0
Saint Lucia,1930,0
Saint Lucia,1940,0
Saint Lucia,1950,0
Saint Lucia,1960,0
Saint Lucia,1970,0
Saint Lucia,1980,0
Saint Lucia,1990,0
Saint Lucia,2000,0
Saint Lucia,2010,0
Saint Lucia,2020,0
Saint Martin (French part),1900,0
Saint Martin (French part),1910,0
Saint Martin (French part),1920,0
Saint Martin (French part),1930,0
Saint Martin (French part),1940,0
Saint Martin (French part),1950,0
Saint Martin (French part),1960,0
Saint Martin (French part),1970,0
Saint Martin (French part),1980,0
Saint Martin (French part),1990,0
Saint Martin (French part),2000,0
Saint Martin (French part),2010,11
Saint Martin (French part),2020,0
Saint Vincent and the Grenadines,1900,0
Saint Vincent and the Grenadines,1910,0
Saint Vincent and the Grenadines,1920,0
Saint Vincent and the Grenadines,1930,0
Saint Vincent and the Grenadines,1940,0
Saint Vincent and the Grenadines,1950,0
Saint Vincent and the Grenadines,1960,0
Saint Vincent and the Grenadines,1970,0
Saint Vincent and the Grenadines,1980,1.8
Saint Vincent and the Grenadines,1990,0
Saint Vincent and the Grenadines,2000,0.4
Saint Vincent and the Grenadines,2010,3.7
Saint Vincent and the Grenadines,2020,0
Samoa,1900,0
Samoa,1910,0
Samoa,1920,0
Samoa,1930,0
Samoa,1940,0
Samoa,1950,0
Samoa,1960,0.4
Samoa,1970,0
Samoa,1980,0
Samoa,1990,0
Samoa,2000,31
Samoa,2010,0
Samoa,2020,0
Sao Tome and Principe,1900,0
Sao Tome and Principe,1910,0
Sao Tome and Principe,1920,0
Sao Tome and Principe,1930,0
Sao Tome and Principe,1940,0
Sao Tome and Principe,1950,0
Sao Tome and Principe,1960,0
Sao Tome and Principe,1970,0
Sao Tome and Principe,1980,0
Sao Tome and Principe,1990,0
Sao Tome and Principe,2000,0
Sao Tome and Principe,2010,0
Sao Tome and Principe,2020,0
Saudi Arabia,1900,0
Saudi Arabia,1910,0
Saudi Arabia,1920,0
Saudi Arabia,1930,0
Saudi Arabia,1940,0
Saudi Arabia,1950,0
Saudi Arabia,1960,0
Saudi Arabia,1970,0
Saudi Arabia,1980,0
Saudi Arabia,1990,0
Saudi Arabia,2000,9.7
Saudi Arabia,2010,1.3
Saudi Arabia,2020,0
Senegal,1900,0
Senegal,1910,0
Senegal,1920,0
Senegal,1930,0
Senegal,1940,0
Senegal,1950,0
Senegal,1960,0
Senegal,1970,0
Senegal,1980,0
Senegal,1990,0
Senegal,2000,0
Senegal,2010,31.8
Senegal,2020,34.4
Serbia,1900,0
Serbia,1910,0
Serbia,1920,0
Serbia,1930,0
Serbia,1940,0
Serbia,1950,0
Serbia,1960,0
Serbia,1970,0
Serbia,1980,0
Serbia,1990,0
Serbia,2000,50
Serbia,2010,12
Serbia,2020,0
Serbia and Montenegro,1900,0
Serbia and Montenegro,1910,0
Serbia and Montenegro,1920,0
Serbia and Montenegro,1930,0
Serbia and Montenegro,1940,0
Serbia and Montenegro,1950,0
Serbia and Montenegro,1960,0
Serbia and Montenegro,1970,0
Serbia and Montenegro,1980,0
Serbia and Montenegro,1990,0
Serbia and Montenegro,2000,17
Serbia and Montenegro,2010,0
Serbia and Montenegro,2020,0
Seychelles,1900,0
Seychelles,1910,0
Seychelles,1920,0
Seychelles,1930,0
Seychelles,1940,0
Seychelles,1950,0
Seychelles,1960,0
Seychelles,1970,0
Seychelles,1980,0
Seychelles,1990,0.2
Seychelles,2000,0
Seychelles,2010,0
Seychelles,2020,0
Sierra Leone,1900,0
Sierra Leone,1910,0
Sierra Leone,1920,0
Sierra Leone,1930,0
Sierra Leone,1940,0
Sierra Leone,1950,0
Sierra Leone,1960,0
Sierra Leone,1970,0
Sierra Leone,1980,0
Sierra Leone,1990,0.3
Sierra Leone,2000,1.5
Sierra Leone,2010,10.5
Sierra Leone,2020,19.2
Sint Maarten (Dutch part),1900,0
Sint Maarten (Dutch part),1910,0
Sint Maarten (Dutch part),1920,0
Sint Maarten (Dutch part),1930,0
Sint Maarten (Dutch part),1940,0
Sint Maarten (Dutch part),1950,0
Sint Maarten (Dutch part),1960,0
Sint Maarten (Dutch part),1970,0
Sint Maarten (Dutch part),1980,0
Sint Maarten (Dutch part),1990,0
Sint Maarten (Dutch part),2000,0
Sint Maarten (Dutch part),2010,4
Sint Maarten (Dutch part),2020,0
Slovakia,1900,0
Slovakia,1910,0
Slovakia,1920,0
Slovakia,1930,0
Slovakia,1940,0
Slovakia,1950,0
Slovakia,1960,0
Slovakia,1970,0
Slovakia,1980,0
Slovakia,1990,6.1
Slovakia,2000,11.3
Slovakia,2010,0
Slovakia,2020,0
Slovenia,1900,0
Slovenia,1910,0
Slovenia,1920,0
Slovenia,1930,0
Slovenia,1940,0
Slovenia,1950,0
Slovenia,1960,0
Slovenia,1970,0
Slovenia,1980,0
Slovenia,1990,0
Slovenia,2000,0.5
Slovenia,2010,0
Slovenia,2020,0.6
Solomon Islands,1900,0
Solomon Islands,1910,0
Solomon Islands,1920,0
Solomon Islands,1930,0
Solomon Islands,1940,0
Solomon Islands,1950,0
Solomon Islands,1960,0
Solomon Islands,1970,0.1
Solomon Islands,1980,0
Solomon Islands,1990,0
Solomon Islands,2000,1.9
Solomon Islands,2010,0.3
Solomon Islands,2020,0
Somalia,1900,0
Somalia,1910,0
Somalia,1920,0
Somalia,1930,0
Somalia,1940,0
Somalia,1950,0
Somalia,1960,0
Somalia,1970,0
Somalia,1980,0
Somalia,1990,0
Somalia,2000,31.5
Somalia,2010,0
Somalia,2020,4.4
South Africa,1900,0
South Africa,1910,0
South Africa,1920,0
South Africa,1930,0
South Africa,1940,0
South Africa,1950,0
South Africa,1960,0
South Africa,1970,0
South Africa,1980,20
South Africa,1990,73.4
South Africa,2000,87.7
South Africa,2010,59.8
South Africa,2020,18.6
South America,1900,0
South America,1910,0
South America,1920,0
South America,1930,5850
South America,1940,3873.3
South America,1950,35.6
South America,1960,1431.3
South America,1970,15365.4
South America,1980,1767.7
South America,1990,1971.8
South America,2000,183229.4
South America,2010,2455.5
South America,2020,1407.6
South Korea,1900,0
South Korea,1910,0
South Korea,1920,0
South Korea,1930,0
South Korea,1940,0
South Korea,1950,0
South Korea,1960,105.4
South Korea,1970,183.9
South Korea,1980,38.8
South Korea,1990,26
South Korea,2000,34
South Korea,2010,29.5
South Korea,2020,83.4
South Sudan,1900,0
South Sudan,1910,0
South Sudan,1920,0
South Sudan,1930,0
South Sudan,1940,0
South Sudan,1950,0
South Sudan,1960,0
South Sudan,1970,0
South Sudan,1980,0
South Sudan,1990,0
South Sudan,2000,0
South Sudan,2010,1.2
South Sudan,2020,0
Spain,1900,0
Spain,1910,0
Spain,1920,0
Spain,1930,0
Spain,1940,12
Spain,1950,7
Spain,1960,0
Spain,1970,5
Spain,1980,166
Spain,1990,23.9
Spain,2000,29.6
Spain,2010,34.4
Spain,2020,0
Sri Lanka,1900,0
Sri Lanka,1910,0
Sri Lanka,1920,0
Sri Lanka,1930,0
Sri Lanka,1940,0
Sri Lanka,1950,0
Sri Lanka,1960,0
Sri Lanka,1970,500
Sri Lanka,1980,100
Sri Lanka,1990,0
Sri Lanka,2000,2317.8
Sri Lanka,2010,42.2
Sri Lanka,2020,4.4
Sudan,1900,0
Sudan,1910,0
Sudan,1920,0
Sudan,1930,0
Sudan,1940,0
Sudan,1950,0
Sudan,1960,0
Sudan,1970,0
Sudan,1980,0
Sudan,1990,1851.5
Sudan,2000,39.1
Sudan,2010,75.1
Sudan,2020,36
Suriname,1900,0
Suriname,1910,0
Suriname,1920,0
Suriname,1930,0
Suriname,1940,0
Suriname,1950,0
Suriname,1960,0
Suriname,1970,0
Suriname,1980,0
Suriname,1990,0
Suriname,2000,0
Suriname,2010,0
Suriname,2020,0
Sweden,1900,0
Sweden,1910,0
Sweden,1920,0
Sweden,1930,0
Sweden,1940,0
Sweden,1950,0
Sweden,1960,0
Sweden,1970,5
Sweden,1980,0
Sweden,1990,0
Sweden,2000,0
Sweden,2010,0
Sweden,2020,0
Switzerland,1900,0
Switzerland,1910,0
Switzerland,1920,0
Switzerland,1930,0
Switzerland,1940,0
Switzerland,1950,0
Switzerland,1960,0
Switzerland,1970,0
Switzerland,1980,0
Switzerland,1990,0
Switzerland,2000,1
Switzerland,2010,10.3
Switzerland,2020,9
Syria,1900,0
Syria,1910,0
Syria,1920,0
Syria,1930,0
Syria,1940,0
Syria,1950,0
Syria,1960,0
Syria,1970,0
Syria,1980,0
Syria,1990,0
Syria,2000,37.5
Syria,2010,350
Syria,2020,1880.6
Taiwan,1900,44.8
Taiwan,1910,10.5
Taiwan,1920,0
Taiwan,1930,1805.7
Taiwan,1940,38.4
Taiwan,1950,89.9
Taiwan,1960,316.5
Taiwan,1970,652.8
Taiwan,1980,8.9
Taiwan,1990,913.1
Taiwan,2000,114.3
Taiwan,2010,270.4
Taiwan,2020,276.2
Tajikistan,1900,0
Tajikistan,1910,0
Tajikistan,1920,0
Tajikistan,1930,0
Tajikistan,1940,0
Tajikistan,1950,0
Tajikistan,1960,0
Tajikistan,1970,0
Tajikistan,1980,0
Tajikistan,1990,6.2
Tajikistan,2000,10.8
Tajikistan,2010,35.2
Tajikistan,2020,0.6
Tanzania,1900,0
Tanzania,1910,0
Tanzania,1920,0
Tanzania,1930,0
Tanzania,1940,0
Tanzania,1950,0
Tanzania,1960,0
Tanzania,1970,0
Tanzania,1980,0
Tanzania,1990,3
Tanzania,2000,7.3
Tanzania,2010,76.3
Tanzania,2020,27.8
Thailand,1900,0
Thailand,1910,0
Thailand,1920,0
Thailand,1930,0
Thailand,1940,0
Thailand,1950,0
Thailand,1960,20
Thailand,1970,49.3
Thailand,1980,193
Thailand,1990,67.1
Thailand,2000,937.8
Thailand,2010,4.7
Thailand,2020,1.8
Togo,1900,0
Togo,1910,0
Togo,1920,0
Togo,1930,0
Togo,1940,0
Togo,1950,0
Togo,1960,1.5
Togo,1970,0
Togo,1980,0
Togo,1990,0
Togo,2000,15.6
Togo,2010,0
Togo,2020,0
Tokelau,1900,0
Tokelau,1910,0
Tokelau,1920,0
Tokelau,1930,0
Tokelau,1940,0
Tokelau,1950,0
Tokelau,1960,0
Tokelau,1970,0
Tokelau,1980,0
Tokelau,1990,0
Tokelau,2000,0.1
Tokelau,2010,0
Tokelau,2020,0
Tonga,1900,0
Tonga,1910,0
Tonga,1920,0
Tonga,1930,0
Tonga,1940,0
Tonga,1950,0
Tonga,1960,0
Tonga,1970,1
Tonga,1980,1.4
Tonga,1990,0.3
Tonga,2000,0.7
Tonga,2010,1.4
Tonga,2020,0
Trinidad and Tobago,1900,0
Trinidad and Tobago,1910,0
Trinidad and Tobago,1920,0
Trinidad and Tobago,1930,0
Trinidad and Tobago,1940,0
Trinidad and Tobago,1950,0
Trinidad and Tobago,1960,0
Trinidad and Tobago,1970,0
Trinidad and Tobago,1980,0
Trinidad and Tobago,1990,0.2
Trinidad and Tobago,2000,0
Trinidad and Tobago,2010,0
Trinidad and Tobago,2020,0
Tunisia,1900,0
Tunisia,1910,0
Tunisia,1920,0
Tunisia,1930,0
Tunisia,1940,0
Tunisia,1950,0
Tunisia,1960,0
Tunisia,1970,0
Tunisia,1980,0
Tunisia,1990,0
Tunisia,2000,0.8
Tunisia,2010,0
Tunisia,2020,0
Turkey,1900,0
Turkey,1910,227.5
Turkey,1920,20.9
Turkey,1930,86.8
Turkey,1940,535.5
Turkey,1950,51.9
Turkey,1960,253
Turkey,1970,2246.7
Turkey,1980,145.7
Turkey,1990,5678.7
Turkey,2000,209.1
Turkey,2010,523
Turkey,2020,22215.8
Turkmenistan,1900,0
Turkmenistan,1910,0
Turkmenistan,1920,0
Turkmenistan,1930,0
Turkmenistan,1940,0
Turkmenistan,1950,0
Turkmenistan,1960,0
Turkmenistan,1970,0
Turkmenistan,1980,0
Turkmenistan,1990,0
Turkmenistan,2000,0
Turkmenistan,2010,0
Turkmenistan,2020,0
Turks and Caicos Islands,1900,0
Turks and Caicos Islands,1910,0
Turks and Caicos Islands,1920,0
Turks and Caicos Islands,1930,0
Turks and Caicos Islands,1940,0
Turks and Caicos Islands,1950,0
Turks and Caicos Islands,1960,0
Turks and Caicos Islands,1970,0
Turks and Caicos Islands,1980,0
Turks and Caicos Islands,1990,0
Turks and Caicos Islands,2000,0
Turks and Caicos Islands,2010,0
Turks and Caicos Islands,2020,0
Tuvalu,1900,0
Tuvalu,1910,0
Tuvalu,1920,0
Tuvalu,1930,0
Tuvalu,1940,0
Tuvalu,1950,0
Tuvalu,1960,0
Tuvalu,1970,0
Tuvalu,1980,0
Tuvalu,1990,0
Tuvalu,2000,0
Tuvalu,2010,0
Tuvalu,2020,0
USSR,1900,6
USSR,1910,0
USSR,1920,0
USSR,1930,20.8
USSR,1940,0
USSR,1950,0
USSR,1960,0
USSR,1970,0
USSR,1980,1279.5
USSR,1990,150.8
USSR,2000,0
USSR,2010,0
USSR,2020,0
Uganda,1900,0
Uganda,1910,0
Uganda,1920,0
Uganda,1930,0
Uganda,1940,0
Uganda,1950,0
Uganda,1960,51
Uganda,1970,0
Uganda,1980,0
Uganda,1990,0
Uganda,2000,5.5
Uganda,2010,16
Uganda,2020,21
Ukraine,1900,0
Ukraine,1910,0
Ukraine,1920,0
Ukraine,1930,0
Ukraine,1940,0
Ukraine,1950,0
Ukraine,1960,0
Ukraine,1970,0
Ukraine,1980,0
Ukraine,1990,23
Ukraine,2000,1032.7
Ukraine,2010,308.5
Ukraine,2020,8.2
United Arab Emirates,1900,0
United Arab Emirates,1910,0
United Arab Emirates,1920,0
United Arab Emirates,1930,0
United Arab Emirates,1940,0
United Arab Emirates,1950,0
United Arab Emirates,1960,0
United Arab Emirates,1970,0
United Arab Emirates,1980,0
United Arab Emirates,1990,0
United Arab Emirates,2000,0
United Arab Emirates,2010,0
United Arab Emirates,2020,0
United Kingdom,1900,0
United Kingdom,1910,0
United Kingdom,1920,0
United Kingdom,1930,0
United Kingdom,1940,0
United Kingdom,1950,0
United Kingdom,1960,0
United Kingdom,1970,0
United Kingdom,1980,1.2
United Kingdom,1990,0
United Kingdom,2000,6
United Kingdom,2010,0.4
United Kingdom,2020,0
United States,1900,0
United States,1910,0
United States,1920,0
United States,1930,0
United States,1940,0
United States,1950,20
United States,1960,100
United States,1970,217.1
United States,1980,544
United States,1990,1079.8
United States,2000,397.3
United States,2010,747.6
United States,2020,359.4
United States Virgin Islands,1900,0
United States Virgin Islands,1910,0
United States Virgin Islands,1920,0
United States Virgin Islands,1930,0
United States Virgin Islands,1940,0
United States Virgin Islands,1950,0
United States Virgin Islands,1960,0
United States Virgin Islands,1970,0
United States Virgin Islands,1980,0
United States Virgin Islands,1990,0
United States Virgin Islands,2000,0
United States Virgin Islands,2010,0
United States Virgin Islands,2020,0
Upper-middle-income countries,1900,6
Upper-middle-income countries,1910,242.9
Upper-middle-income countries,1920,95
Upper-middle-income countries,1930,797
Upper-middle-income countries,1940,4832.1
Upper-middle-income countries,1950,410.4
Upper-middle-income countries,1960,3861
Upper-middle-income countries,1970,43722.6
Upper-middle-income countries,1980,21502.8
Upper-middle-income countries,1990,97060.4
Upper-middle-income countries,2000,272718
Upper-middle-income countries,2010,14775.1
Upper-middle-income countries,2020,25891.6
Uruguay,1900,0
Uruguay,1910,0
Uruguay,1920,0
Uruguay,1930,0
Uruguay,1940,0
Uruguay,1950,0
Uruguay,1960,0
Uruguay,1970,0
Uruguay,1980,0
Uruguay,1990,0
Uruguay,2000,1.2
Uruguay,2010,25
Uruguay,2020,0
Uzbekistan,1900,0
Uzbekistan,1910,0
Uzbekistan,1920,0
Uzbekistan,1930,0
Uzbekistan,1940,0
Uzbekistan,1950,0
Uzbekistan,1960,0
Uzbekistan,1970,0
Uzbekistan,1980,0
Uzbekistan,1990,0
Uzbekistan,2000,0
Uzbekistan,2010,0
Uzbekistan,2020,14.4
Vanuatu,1900,0
Vanuatu,1910,0
Vanuatu,1920,0
Vanuatu,1930,0
Vanuatu,1940,0
Vanuatu,1950,0
Vanuatu,1960,0
Vanuatu,1970,0
Vanuatu,1980,0
Vanuatu,1990,11.7
Vanuatu,2000,1.2
Vanuatu,2010,0.6
Vanuatu,2020,24
Venezuela,1900,0
Venezuela,1910,0
Venezuela,1920,0
Venezuela,1930,0
Venezuela,1940,0
Venezuela,1950,0
Venezuela,1960,153.6
Venezuela,1970,0
Venezuela,1980,41.5
Venezuela,1990,416.9
Venezuela,2000,15.6
Venezuela,2010,0
Venezuela,2020,0
Vietnam,1900,0
Vietnam,1910,0
Vietnam,1920,0
Vietnam,1930,0
Vietnam,1940,0
Vietnam,1950,0
Vietnam,1960,0
Vietnam,1970,0
Vietnam,1980,589.4
Vietnam,1990,288.5
Vietnam,2000,406.2
Vietnam,2010,129.3
Vietnam,2020,43.6
Wallis and Futuna,1900,0
Wallis and Futuna,1910,0
Wallis and Futuna,1920,0
Wallis and Futuna,1930,0
Wallis and Futuna,1940,0
Wallis and Futuna,1950,0
Wallis and Futuna,1960,0
Wallis and Futuna,1970,0
Wallis and Futuna,1980,0
Wallis and Futuna,1990,2
Wallis and Futuna,2000,0
Wallis and Futuna,2010,0.2
Wallis and Futuna,2020,0
West Germany,1900,0
West Germany,1910,0
West Germany,1920,0
West Germany,1930,0
West Germany,1940,0
West Germany,1950,0
West Germany,1960,0
West Germany,1970,3.5
West Germany,1980,26.2
West Germany,1990,0
West Germany,2000,0
West Germany,2010,0
West Germany,2020,0
World,1900,254.9
World,1910,295.5
World,1920,10910.9
World,1930,11240.3
World,1940,6932.9
World,1950,2464.2
World,1960,78452.2
World,1970,55254.1
World,1980,31435.3
World,1990,146878.3
World,2000,327960.6
World,2010,91865.5
World,2020,47772.8
Yemen,1900,0
Yemen,1910,0
Yemen,1920,0
Yemen,1930,0
Yemen,1940,0
Yemen,1950,0
Yemen,1960,0
Yemen,1970,0
Yemen,1980,0
Yemen,1990,3.9
Yemen,2000,13.4
Yemen,2010,22.9
Yemen,2020,96
Yemen Arab Republic,1900,0
Yemen Arab Republic,1910,0
Yemen Arab Republic,1920,0
Yemen Arab Republic,1930,0
Yemen Arab Republic,1940,20
Yemen Arab Republic,1950,0
Yemen Arab Republic,1960,0
Yemen Arab Republic,1970,61.2
Yemen Arab Republic,1980,150
Yemen Arab Republic,1990,0
Yemen Arab Republic,2000,0
Yemen Arab Republic,2010,0
Yemen Arab Republic,2020,0
Yemen People's Republic,1900,0
Yemen People's Republic,1910,0
Yemen People's Republic,1920,0
Yemen People's Republic,1930,0
Yemen People's Republic,1940,0
Yemen People's Republic,1950,0
Yemen People's Republic,1960,0
Yemen People's Republic,1970,0
Yemen People's Republic,1980,0
Yemen People's Republic,1990,0
Yemen People's Republic,2000,0
Yemen People's Republic,2010,0
Yemen People's Republic,2020,0
Yugoslavia,1900,0
Yugoslavia,1910,0
Yugoslavia,1920,0
Yugoslavia,1930,0
Yugoslavia,1940,0
Yugoslavia,1950,0
Yugoslavia,1960,1951.6
Yugoslavia,1970,18
Yugoslavia,1980,16
Yugoslavia,1990,0
Yugoslavia,2000,0
Yugoslavia,2010,0
Yugoslavia,2020,0
Zambia,1900,0
Zambia,1910,0
Zambia,1920,0
Zambia,1930,0
Zambia,1940,0
Zambia,1950,0
Zambia,1960,0
Zambia,1970,90
Zambia,1980,0
Zambia,1990,0
Zambia,2000,1.3
Zambia,2010,0
Zambia,2020,0
Zimbabwe,1900,0
Zimbabwe,1910,0
Zimbabwe,1920,0
Zimbabwe,1930,0
Zimbabwe,1940,0
Zimbabwe,1950,0
Zimbabwe,1960,0
Zimbabwe,1970,0
Zimbabwe,1980,0
Zimbabwe,1990,0
Zimbabwe,2000,0
Zimbabwe,2010,31.6
Zimbabwe,2020,0